This is LuaHBTeX, Version 1.13.0 (TeX Live 2021)  (format=lualatex 2023.2.28)  11 SEP 2026 18:48
 restricted system commands enabled.
**index.tex
(./index.tex
LaTeX2e <2020-10-01> patch level 4
Lua module: luaotfload 2021-01-08 3.17 Lua based OpenType font support
Lua module: lualibs 2020-12-30 2.73 ConTeXt Lua standard libraries.
Lua module: lualibs-extended 2020-12-30 2.73 ConTeXt Lua libraries -- extended c
ollection.
luaotfload | conf : Root cache directory is "/Users/longhai/Library/texlive/2021
/texmf-var/luatex-cache/generic/names".
luaotfload | init : Loading fontloader "fontloader-2021-01-07.lua" from kpse-res
olved path "/usr/local/texlive/2021/texmf-dist/tex/luatex/luaotfload/fontloader-
2021-01-07.lua".
Lua-only attribute luaotfload@noligature = 1
Lua-only attribute luaotfload@syllabe = 2
luaotfload | init : Context OpenType loader version 0x1.8e76c8b439581p+1
Inserting `luaotfload.node_processor' at position 1 in `pre_linebreak_filter'.
Inserting `luaotfload.node_processor' at position 1 in `hpack_filter'.
Inserting `luaotfload.glyph_stream' at position 1 in `glyph_stream_provider'.
Inserting `luaotfload.define_font' at position 1 in `define_font'.
Lua-only attribute luaotfload_color_attribute = 3
luaotfload | conf : Root cache directory is "/Users/longhai/Library/texlive/2021
/texmf-var/luatex-cache/generic/names".
Inserting `luaotfload.harf.strip_prefix' at position 1 in `find_opentype_file'.
Inserting `luaotfload.harf.strip_prefix' at position 1 in `find_truetype_file'.
Inserting `luaotfload.harf.finalize_vlist' at position 1 in `post_linebreak_filt
er'.
Inserting `luaotfload.harf.finalize_hlist' at position 2 in `hpack_filter'.
Inserting `luaotfload.cleanup_files' at position 1 in `wrapup_run'.
Inserting `luaotfload.harf.finalize_unicode' at position 1 in `finish_pdffile'.
Inserting `luaotfload.glyphinfo' at position 1 in `glyph_info'.
Inserting `luaotfload.aux.set_sscale_dimens' at position 1 in `luaotfload.patch_
font'.
Inserting `luaotfload.aux.set_font_index' at position 2 in `luaotfload.patch_fon
t'.
Inserting `luaotfload.aux.patch_cambria_domh' at position 3 in `luaotfload.patch
_font'.
Inserting `luaotfload.aux.fixup_fontdata' at position 1 in `luaotfload.patch_fon
t_unsafe'.
Inserting `luaotfload.aux.set_capheight' at position 4 in `luaotfload.patch_font
'.
Inserting `luaotfload.aux.set_xheight' at position 5 in `luaotfload.patch_font'.
Inserting `luaotfload.rewrite_fontname' at position 6 in `luaotfload.patch_font'
. L3 programming layer <2021-02-18> (/usr/local/texlive/2021/texmf-dist/tex/lat
ex/koma-script/scrreprt.cls
Document Class: scrreprt 2021/03/17 v3.33 KOMA-Script document class (report)
(/usr/local/texlive/2021/texmf-dist/tex/latex/koma-script/scrkbase.sty
Package: scrkbase 2021/03/17 v3.33 KOMA-Script package (KOMA-Script-dependent b
asics and keyval usage)
(/usr/local/texlive/2021/texmf-dist/tex/latex/koma-script/scrbase.sty
Package: scrbase 2021/03/17 v3.33 KOMA-Script package (KOMA-Script-independent 
basics and keyval usage)
(/usr/local/texlive/2021/texmf-dist/tex/latex/koma-script/scrlfile.sty
Package: scrlfile 2021/03/17 v3.33 KOMA-Script package (file load hooks)
(/usr/local/texlive/2021/texmf-dist/tex/latex/koma-script/scrlfile-hook.sty
Package: scrlfile-hook 2021/03/17 v3.33 KOMA-Script package (using LaTeX hooks)


LaTeX3 Info: Defining command \BeforeFile with sig. 'm' on line 61.


LaTeX3 Info: Defining command \AfterFile with sig. 'm' on line 65.


LaTeX3 Info: Defining command \BeforeClass with sig. 'm' on line 69.


LaTeX3 Info: Defining command \BeforePackage with sig. 'm' on line 73.


LaTeX3 Info: Defining command \AfterAtEndOfClass with sig. 'smo+m' on line 83.


LaTeX3 Info: Defining command \AfterAtEndOfPackage with sig. 'smo+m' on line
(LaTeX3)     93.


LaTeX3 Info: Defining command \scrlfile@AfterClass with sig. 'smo+m' on line
(LaTeX3)     173.


LaTeX3 Info: Defining command \AfterClass with sig. '' on line 174.


LaTeX3 Info: Defining command \scrlfile@AfterPackage with sig. 'smo+m' on line
(LaTeX3)     191.


LaTeX3 Info: Defining command \AfterPackage with sig. '' on line 192.


LaTeX3 Info: Defining command \ReplaceInput with sig. '' on line 193.


LaTeX3 Info: Defining command \ReplaceClass with sig. 'mm' on line 196.


LaTeX3 Info: Defining command \ReplacePackage with sig. 'mm' on line 199.


LaTeX3 Info: Defining command \UnReplaceInput with sig. '' on line 200.


LaTeX3 Info: Defining command \UnReplaceClass with sig. 'm' on line 203.


LaTeX3 Info: Defining command \UnReplacePackage with sig. 'mm' on line 206.


LaTeX3 Info: Defining command \PreventPackageFromLoading with sig. 's+om' on
(LaTeX3)     line 234.


LaTeX3 Info: Defining command \StorePreventPackageFromLoading with sig. 'm' on
(LaTeX3)     line 242.


LaTeX3 Info: Defining command \ResetPreventPackageFromLoading with sig. '' on
(LaTeX3)     line 247.


LaTeX3 Info: Defining command \UnPreventPackageFromLoading with sig. 'sm' on
(LaTeX3)     line 261.


LaTeX3 Info: Defining command \BeforeClosingMainAux with sig. 'om' on line
(LaTeX3)     274.


LaTeX3 Info: Defining command \AfterReadingMainAux with sig. 'om' on line 287.


LaTeX3 Info: Defining command \protected@immediate@write with sig. 'm+m+m' on
(LaTeX3)     line 298.

(/usr/local/texlive/2021/texmf-dist/tex/latex/koma-script/scrlogo.sty
Package: scrlogo 2021/03/17 v3.33 KOMA-Script package (logo)
))) (/usr/local/texlive/2021/texmf-dist/tex/latex/graphics/keyval.sty
Package: keyval 2014/10/28 v1.15 key=value parser (DPC)
\KV@toks@=\toks15
)
Skipping: [2021/05/01] Usage of raw option list on input line 252.
Applying: [0000/00/00] compatibility for LaTeX before 2021/05/01 on input line 
337.
)) (/usr/local/texlive/2021/texmf-dist/tex/latex/koma-script/tocbasic.sty
Package: tocbasic 2021/03/17 v3.33 KOMA-Script package (handling toc-files)
\scr@dte@tocline@numberwidth=\skip47
\scr@dte@tocline@numbox=\box47
)
Package tocbasic Info: babel extension for `toc' omitted
(tocbasic)             because of missing \bbl@set@language on input line 137.
Class scrreprt Info: File `scrsize11pt.clo' used instead of
(scrreprt)           file `scrsize11.clo' to setup font sizes on input line 245
1.
(/usr/local/texlive/2021/texmf-dist/tex/latex/koma-script/scrsize11pt.clo
File: scrsize11pt.clo 2021/03/17 v3.33 KOMA-Script font size class option (11pt
)
luaotfload | db : Font names database loaded from /Users/longhai/Library/texlive
/2021/texmf-var/luatex-cache/generic/names/luaotfload-names.luc) (/usr/local/te
xlive/2021/texmf-dist/tex/latex/koma-script/typearea.sty
Package: typearea 2021/03/17 v3.33 KOMA-Script package (type area)
\ta@bcor=\skip48
\ta@div=\count175
Package typearea Info: You've used standard option `letterpaper'.
(typearea)             This is correct!
(typearea)             Internally I'm using `paper=letter'.
(typearea)             If you'd like to set the option with \KOMAoptions,
(typearea)             you'd have to use `paper=letter' there
(typearea)             instead of `letterpaper', too.
\ta@hblk=\skip49
\ta@vblk=\skip50
\ta@temp=\skip51
\footheight=\skip52
Package typearea Info: These are the values describing the layout:
(typearea)             DIV  = 11
(typearea)             BCOR = 0.0pt
(typearea)             \paperwidth      = 614.295pt
(typearea)              \textwidth      = 446.76004pt
(typearea)              DIV departure   = -14%
(typearea)              \evensidemargin = 11.49748pt
(typearea)              \oddsidemargin  = 11.49748pt
(typearea)             \paperheight     = 794.96999pt
(typearea)              \textheight     = 582.20026pt
(typearea)              \topmargin      = -37.40001pt
(typearea)              \headheight     = 17.0pt
(typearea)              \headsep        = 20.40001pt
(typearea)              \topskip        = 11.0pt
(typearea)              \footskip       = 47.6pt
(typearea)              \baselineskip   = 13.6pt
(typearea)              on input line 1741.
)
\c@part=\count176
\c@chapter=\count177
\c@section=\count178
\c@subsection=\count179
\c@subsubsection=\count180
\c@paragraph=\count181
\c@subparagraph=\count182
\scr@dte@chapter@maxnumwidth=\skip53
Class scrreprt Info: using compatibility default `afterindent=bysign'
(scrreprt)           for `\chapter on input line 5678.
\scr@dte@section@maxnumwidth=\skip54
Class scrreprt Info: using compatibility default `runin=bysign'
(scrreprt)           for `\section on input line 5689.
Class scrreprt Info: using compatibility default `afterindent=bysign'
(scrreprt)           for `\section on input line 5689.
\scr@dte@part@maxnumwidth=\skip55
Class scrreprt Info: using compatibility default `afterindent=true'
(scrreprt)           for `\part on input line 5698.
\scr@dte@subsection@maxnumwidth=\skip56
Class scrreprt Info: using compatibility default `runin=bysign'
(scrreprt)           for `\subsection on input line 5708.
Class scrreprt Info: using compatibility default `afterindent=bysign'
(scrreprt)           for `\subsection on input line 5708.
\scr@dte@subsubsection@maxnumwidth=\skip57
Class scrreprt Info: using compatibility default `runin=bysign'
(scrreprt)           for `\subsubsection on input line 5718.
Class scrreprt Info: using compatibility default `afterindent=bysign'
(scrreprt)           for `\subsubsection on input line 5718.
\scr@dte@paragraph@maxnumwidth=\skip58
Class scrreprt Info: using compatibility default `runin=bysign'
(scrreprt)           for `\paragraph on input line 5729.
Class scrreprt Info: using compatibility default `afterindent=bysign'
(scrreprt)           for `\paragraph on input line 5729.
\scr@dte@subparagraph@maxnumwidth=\skip59
Class scrreprt Info: using compatibility default `runin=bysign'
(scrreprt)           for `\subparagraph on input line 5739.
Class scrreprt Info: using compatibility default `afterindent=bysign'
(scrreprt)           for `\subparagraph on input line 5739.
\abovecaptionskip=\skip60
\belowcaptionskip=\skip61
\c@pti@nb@sid@b@x=\box48
Package tocbasic Info: babel extension for `lof' omitted
(tocbasic)             because of missing \bbl@set@language on input line 6976.

\scr@dte@figure@maxnumwidth=\skip62
\c@figure=\count183
Package tocbasic Info: babel extension for `lot' omitted
(tocbasic)             because of missing \bbl@set@language on input line 6993.

\scr@dte@table@maxnumwidth=\skip63
\c@table=\count184
Class scrreprt Info: Redefining `\numberline' on input line 7162.
\bibindent=\dimen138
) (/usr/local/texlive/2021/texmf-dist/tex/latex/xcolor/xcolor.sty
Package: xcolor 2016/05/11 v2.12 LaTeX color extensions (UK)
(/usr/local/texlive/2021/texmf-dist/tex/latex/graphics-cfg/color.cfg
File: color.cfg 2016/01/02 v1.6 sample color configuration
)
Package xcolor Info: Driver file: luatex.def on input line 225.
(/usr/local/texlive/2021/texmf-dist/tex/latex/graphics-def/luatex.def
File: luatex.def 2020/10/05 v1.2a Graphics/color driver for luatex
)
Package xcolor Info: Model `cmy' substituted by `cmy0' on input line 1348.
Package xcolor Info: Model `hsb' substituted by `rgb' on input line 1352.
Package xcolor Info: Model `RGB' extended on input line 1364.
Package xcolor Info: Model `HTML' substituted by `rgb' on input line 1366.
Package xcolor Info: Model `Hsb' substituted by `hsb' on input line 1367.
Package xcolor Info: Model `tHsb' substituted by `hsb' on input line 1368.
Package xcolor Info: Model `HSB' substituted by `hsb' on input line 1369.
Package xcolor Info: Model `Gray' substituted by `gray' on input line 1370.
Package xcolor Info: Model `wave' substituted by `hsb' on input line 1371.
(/usr/local/texlive/2021/texmf-dist/tex/latex/graphics/dvipsnam.def
File: dvipsnam.def 2016/06/17 v3.0m Driver-dependent file (DPC,SPQR)
) (/usr/local/texlive/2021/texmf-dist/tex/latex/xcolor/svgnam.def
File: svgnam.def 2016/05/11 v2.12 Predefined colors according to SVG 1.1 (UK)
) (/usr/local/texlive/2021/texmf-dist/tex/latex/xcolor/x11nam.def
File: x11nam.def 2016/05/11 v2.12 Predefined colors according to Unix/X11 (UK)
)) (/usr/local/texlive/2021/texmf-dist/tex/latex/geometry/geometry.sty
Package: geometry 2020/01/02 v5.9 Page Geometry
(/usr/local/texlive/2021/texmf-dist/tex/generic/iftex/ifvtex.sty
Package: ifvtex 2019/10/25 v1.7 ifvtex legacy package. Use iftex instead.
(/usr/local/texlive/2021/texmf-dist/tex/generic/iftex/iftex.sty
Package: iftex 2020/03/06 v1.0d TeX engine tests
))
\Gm@cnth=\count185
\Gm@cntv=\count186
\c@Gm@tempcnt=\count187
\Gm@bindingoffset=\dimen139
\Gm@wd@mp=\dimen140
\Gm@odd@mp=\dimen141
\Gm@even@mp=\dimen142
\Gm@layoutwidth=\dimen143
\Gm@layoutheight=\dimen144
\Gm@layouthoffset=\dimen145
\Gm@layoutvoffset=\dimen146
\Gm@dimlist=\toks16
) (/usr/local/texlive/2021/texmf-dist/tex/latex/amsmath/amsmath.sty
Package: amsmath 2020/09/23 v2.17i AMS math features
\@mathmargin=\skip64
For additional information on amsmath, use the `?' option.
(/usr/local/texlive/2021/texmf-dist/tex/latex/amsmath/amstext.sty
Package: amstext 2000/06/29 v2.01 AMS text
(/usr/local/texlive/2021/texmf-dist/tex/latex/amsmath/amsgen.sty
File: amsgen.sty 1999/11/30 v2.0 generic functions
\@emptytoks=\toks17
\ex@=\dimen147
)) (/usr/local/texlive/2021/texmf-dist/tex/latex/amsmath/amsbsy.sty
Package: amsbsy 1999/11/29 v1.2d Bold Symbols
\pmbraise@=\dimen148
) (/usr/local/texlive/2021/texmf-dist/tex/latex/amsmath/amsopn.sty
Package: amsopn 2016/03/08 v2.02 operator names
)
\inf@bad=\count188
LaTeX Info: Redefining \frac on input line 236.
\uproot@=\count189
\leftroot@=\count190
LaTeX Info: Redefining \overline on input line 399.
\classnum@=\count191
\DOTSCASE@=\count192
LaTeX Info: Redefining \ldots on input line 496.
LaTeX Info: Redefining \dots on input line 499.
LaTeX Info: Redefining \cdots on input line 620.
\Mathstrutbox@=\box49
\strutbox@=\box50
\big@size=\dimen149
LaTeX Font Info:    Redeclaring font encoding OML on input line 743.
LaTeX Font Info:    Redeclaring font encoding OMS on input line 744.
\macc@depth=\count193
\c@MaxMatrixCols=\count194
\dotsspace@=\muskip16
\c@parentequation=\count195
\dspbrk@lvl=\count196
\tag@help=\toks18
\row@=\count197
\column@=\count198
\maxfields@=\count199
\andhelp@=\toks19
\eqnshift@=\dimen150
\alignsep@=\dimen151
\tagshift@=\dimen152
\tagwidth@=\dimen153
\totwidth@=\dimen154
\lineht@=\dimen155
\@envbody=\toks20
\multlinegap=\skip65
\multlinetaggap=\skip66
\mathdisplay@stack=\toks21
LaTeX Info: Redefining \[ on input line 2923.
LaTeX Info: Redefining \] on input line 2924.
) (/usr/local/texlive/2021/texmf-dist/tex/latex/amsfonts/amssymb.sty
Package: amssymb 2013/01/14 v3.01 AMS font symbols
(/usr/local/texlive/2021/texmf-dist/tex/latex/amsfonts/amsfonts.sty
Package: amsfonts 2013/01/14 v3.01 Basic AMSFonts support
\symAMSa=\mathgroup4
\symAMSb=\mathgroup5
LaTeX Font Info:    Redeclaring math symbol \hbar on input line 98.
LaTeX Font Info:    Overwriting math alphabet `\mathfrak' in version `bold'
(Font)                  U/euf/m/n --> U/euf/b/n on input line 106.
)) (/usr/local/texlive/2021/texmf-dist/tex/latex/unicode-math/unicode-math.sty 
(/usr/local/texlive/2021/texmf-dist/tex/latex/l3kernel/expl3.sty
Package: expl3 2021-02-18 L3 programming layer (loader) 
(/usr/local/texlive/2021/texmf-dist/tex/latex/l3backend/l3backend-luatex.def
File: l3backend-luatex.def 2021-03-18 L3 backend support: PDF output (LuaTeX)
\l__color_backend_stack_int=\count266
\l__pdf_internal_box=\box51
))
Package: unicode-math 2020/01/31 v0.8q Unicode maths in XeLaTeX and LuaLaTeX

(/usr/local/texlive/2021/texmf-dist/tex/latex/unicode-math/unicode-math-luatex.
sty
Package: unicode-math-luatex 2020/01/31 v0.8q Unicode maths in XeLaTeX and LuaL
aTeX
(/usr/local/texlive/2021/texmf-dist/tex/latex/l3packages/xparse/xparse.sty
(/usr/local/texlive/2021/texmf-dist/tex/latex/l3packages/xparse/xparse-2020-10-
01.sty
(/usr/local/texlive/2021/texmf-dist/tex/latex/l3packages/xparse/xparse-generic.
tex))) (/usr/local/texlive/2021/texmf-dist/tex/latex/l3packages/l3keys2e/l3keys
2e.sty
Package: l3keys2e 2021-03-12 LaTeX2e option processing using LaTeX3 keys
) (/usr/local/texlive/2021/texmf-dist/tex/latex/fontspec/fontspec.sty
Package: fontspec 2020/02/21 v2.7i Font selection for XeLaTeX and LuaLaTeX
Lua module: fontspec 2020/02/21 2.7i Font selection for XeLaTeX and LuaLaTeX (/
usr/local/texlive/2021/texmf-dist/tex/latex/fontspec/fontspec-luatex.sty
Package: fontspec-luatex 2020/02/21 v2.7i Font selection for XeLaTeX and LuaLaT
eX
\l__fontspec_script_int=\count267
\l__fontspec_language_int=\count268
\l__fontspec_strnum_int=\count269
\l__fontspec_tmp_int=\count270
\l__fontspec_tmpa_int=\count271
\l__fontspec_tmpb_int=\count272
\l__fontspec_tmpc_int=\count273
\l__fontspec_em_int=\count274
\l__fontspec_emdef_int=\count275
\l__fontspec_strong_int=\count276
\l__fontspec_strongdef_int=\count277
\l__fontspec_tmpa_dim=\dimen156
\l__fontspec_tmpb_dim=\dimen157
\l__fontspec_tmpc_dim=\dimen158
(/usr/local/texlive/2021/texmf-dist/tex/latex/base/fontenc.sty
Package: fontenc 2020/08/10 v2.0s Standard LaTeX package
) (/usr/local/texlive/2021/texmf-dist/tex/latex/fontspec/fontspec.cfg))) (/usr/
local/texlive/2021/texmf-dist/tex/latex/base/fix-cm.sty
Package: fix-cm 2015/01/14 v1.1t fixes to LaTeX
(/usr/local/texlive/2021/texmf-dist/tex/latex/base/ts1enc.def
File: ts1enc.def 2001/06/05 v3.0e (jk/car/fm) Standard LaTeX file
LaTeX Font Info:    Redeclaring font encoding TS1 on input line 47.
))
(/usr/local/texlive/2021/texmf-dist/tex/lualatex/lualatex-math/lualatex-math.st
y
Package: lualatex-math 2020/09/25 v1.9 Patches for mathematics typesetting with
 LuaLaTeX
(/usr/local/texlive/2021/texmf-dist/tex/latex/etoolbox/etoolbox.sty
Package: etoolbox 2020/10/05 v2.5k e-TeX tools for LaTeX (JAW)
\etb@tempcnta=\count278
)
Lua module: lualatex-math 2013/08/03 1.3 Patches for mathematics typesetting wit
h LuaLaTeX)
\g__um_fam_int=\count279
\g__um_fonts_used_int=\count280
\l__um_primecount_int=\count281
\g__um_primekern_muskip=\muskip17

(/usr/local/texlive/2021/texmf-dist/tex/latex/unicode-math/unicode-math-table.t
ex))) (/usr/local/texlive/2021/texmf-dist/tex/latex/lm/lmodern.sty
Package: lmodern 2015/05/01 v1.6.1 Latin Modern Fonts
LaTeX Font Info:    Overwriting symbol font `operators' in version `normal'
(Font)                  OT1/cmr/m/n --> OT1/lmr/m/n on input line 22.
LaTeX Font Info:    Overwriting symbol font `letters' in version `normal'
(Font)                  OML/cmm/m/it --> OML/lmm/m/it on input line 23.
LaTeX Font Info:    Overwriting symbol font `symbols' in version `normal'
(Font)                  OMS/cmsy/m/n --> OMS/lmsy/m/n on input line 24.
LaTeX Font Info:    Overwriting symbol font `largesymbols' in version `normal'
(Font)                  OMX/cmex/m/n --> OMX/lmex/m/n on input line 25.
LaTeX Font Info:    Overwriting symbol font `operators' in version `bold'
(Font)                  OT1/cmr/bx/n --> OT1/lmr/bx/n on input line 26.
LaTeX Font Info:    Overwriting symbol font `letters' in version `bold'
(Font)                  OML/cmm/b/it --> OML/lmm/b/it on input line 27.
LaTeX Font Info:    Overwriting symbol font `symbols' in version `bold'
(Font)                  OMS/cmsy/b/n --> OMS/lmsy/b/n on input line 28.
LaTeX Font Info:    Overwriting symbol font `largesymbols' in version `bold'
(Font)                  OMX/cmex/m/n --> OMX/lmex/m/n on input line 29.
LaTeX Font Info:    Overwriting math alphabet `\mathbf' in version `normal'
(Font)                  OT1/cmr/bx/n --> OT1/lmr/bx/n on input line 31.
LaTeX Font Info:    Overwriting math alphabet `\mathsf' in version `normal'
(Font)                  OT1/cmss/m/n --> OT1/lmss/m/n on input line 32.
LaTeX Font Info:    Overwriting math alphabet `\mathit' in version `normal'
(Font)                  OT1/cmr/m/it --> OT1/lmr/m/it on input line 33.
LaTeX Font Info:    Overwriting math alphabet `\mathtt' in version `normal'
(Font)                  OT1/cmtt/m/n --> OT1/lmtt/m/n on input line 34.
LaTeX Font Info:    Overwriting math alphabet `\mathbf' in version `bold'
(Font)                  OT1/cmr/bx/n --> OT1/lmr/bx/n on input line 35.
LaTeX Font Info:    Overwriting math alphabet `\mathsf' in version `bold'
(Font)                  OT1/cmss/bx/n --> OT1/lmss/bx/n on input line 36.
LaTeX Font Info:    Overwriting math alphabet `\mathit' in version `bold'
(Font)                  OT1/cmr/bx/it --> OT1/lmr/bx/it on input line 37.
LaTeX Font Info:    Overwriting math alphabet `\mathtt' in version `bold'
(Font)                  OT1/cmtt/m/n --> OT1/lmtt/m/n on input line 38.
)
luaotfload | cache : Lookup cache loaded from /Users/longhai/Library/texlive/202
1/texmf-var/luatex-cache/generic/names/luaotfload-lookup-cache.luc.

Package fontspec Info: TimesNewRoman scale = 0.9636317752292291.


Package fontspec Info: TimesNewRoman scale = 0.9636317752292291.

luaotfload | aux : font no 31 (nil) does not define feature smcp for script latn
 with language dflt

Package fontspec Info: TimesNewRoman/B scale = 0.9440488363220146.

luaotfload | aux : font no 32 (nil) does not define feature smcp for script latn
 with language dflt

Package fontspec Info: TimesNewRoman/I scale = 1.001914461472678.

luaotfload | aux : font no 33 (nil) does not define feature smcp for script latn
 with language dflt

Package fontspec Info: TimesNewRoman/BI scale = 0.9818545443001809.

luaotfload | aux : font no 34 (nil) does not define feature smcp for script latn
 with language dflt

Package fontspec Info: Font family 'TimesNewRoman(0)' created for font 'Times
(fontspec)             New Roman' with options
(fontspec)             [Scale=MatchLowercase,Ligatures=TeX,Scale=1].
(fontspec)              
(fontspec)              This font family consists of the following NFSS
(fontspec)             series/shapes:
(fontspec)              
(fontspec)             - 'normal' (m/n) with NFSS spec.:
(fontspec)             <->s*[1]"TimesNewRoman:mode=node;script=latn;language=df
lt;+tlig;"
(fontspec)             - 'small caps'  (m/sc) with NFSS spec.: 
(fontspec)             - 'bold' (b/n) with NFSS spec.:
(fontspec)             <->s*[1]"TimesNewRoman/B:mode=node;script=latn;language=
dflt;+tlig;"
(fontspec)             - 'bold small caps'  (b/sc) with NFSS spec.: 
(fontspec)             - 'italic' (m/it) with NFSS spec.:
(fontspec)             <->s*[1]"TimesNewRoman/I:mode=node;script=latn;language=
dflt;+tlig;"
(fontspec)             - 'italic small caps'  (m/scit) with NFSS spec.: 
(fontspec)             - 'bold italic' (b/it) with NFSS spec.:
(fontspec)             <->s*[1]"TimesNewRoman/BI:mode=node;script=latn;language
=dflt;+tlig;"
(fontspec)             - 'bold italic small caps'  (b/scit) with NFSS spec.: 

LaTeX Font Info:    Font shape `TU/TimesNewRoman(0)/m/n' will be
(Font)              scaled to size 10.95pt on input line 29.

Package fontspec Info: TimesNewRoman scale = 0.9999968844149086.


Package fontspec Info: TimesNewRoman scale = 0.9999968844149086.

luaotfload | aux : font no 42 (nil) does not define feature smcp for script latn
 with language dflt

Package fontspec Info: TimesNewRoman/B scale = 0.9796749332315911.

luaotfload | aux : font no 43 (nil) does not define feature smcp for script latn
 with language dflt

Package fontspec Info: TimesNewRoman/I scale = 1.039724265718182.

luaotfload | aux : font no 44 (nil) does not define feature smcp for script latn
 with language dflt

Package fontspec Info: TimesNewRoman/BI scale = 1.018907336275039.

luaotfload | aux : font no 45 (nil) does not define feature smcp for script latn
 with language dflt

Package fontspec Info: Font family 'TimesNewRoman(1)' created for font 'Times
(fontspec)             New Roman' with options
(fontspec)             [Scale=MatchLowercase,Renderer=Basic].
(fontspec)              
(fontspec)              This font family consists of the following NFSS
(fontspec)             series/shapes:
(fontspec)              
(fontspec)             - 'normal' (m/n) with NFSS spec.:
(fontspec)             <->s*[0.9999968844149086]"TimesNewRoman:mode=base;script
=latn;language=dflt;"
(fontspec)             - 'small caps'  (m/sc) with NFSS spec.: 
(fontspec)             - 'bold' (b/n) with NFSS spec.:
(fontspec)             <->s*[0.9796749332315911]"TimesNewRoman/B:mode=base;scri
pt=latn;language=dflt;"
(fontspec)             - 'bold small caps'  (b/sc) with NFSS spec.: 
(fontspec)             - 'italic' (m/it) with NFSS spec.:
(fontspec)             <->s*[1.039724265718182]"TimesNewRoman/I:mode=base;scrip
t=latn;language=dflt;"
(fontspec)             - 'italic small caps'  (m/scit) with NFSS spec.: 
(fontspec)             - 'bold italic' (b/it) with NFSS spec.:
(fontspec)             <->s*[1.018907336275039]"TimesNewRoman/BI:mode=base;scri
pt=latn;language=dflt;"
(fontspec)             - 'bold italic small caps'  (b/scit) with NFSS spec.: 

LaTeX Font Info:    Overwriting math alphabet `\mathrm' in version `normal'
(Font)                  OT1/lmr/m/n --> TU/TimesNewRoman(1)/m/n on input line 2
9.
LaTeX Font Info:    Overwriting math alphabet `\mathit' in version `normal'
(Font)                  OT1/lmr/m/it --> TU/TimesNewRoman(1)/m/it on input line
 29.
LaTeX Font Info:    Overwriting math alphabet `\mathbf' in version `normal'
(Font)                  OT1/lmr/bx/n --> TU/TimesNewRoman(1)/b/n on input line 
29.
(/usr/local/texlive/2021/texmf-dist/tex/latex/upquote/upquote.sty
Package: upquote 2012/04/19 v1.3 upright-quote and grave-accent glyphs in verba
tim
(/usr/local/texlive/2021/texmf-dist/tex/latex/base/textcomp.sty
Package: textcomp 2020/02/02 v2.0n Standard LaTeX package
)) (/usr/local/texlive/2021/texmf-dist/tex/latex/microtype/microtype.sty
Package: microtype 2021/03/14 v2.8c Micro-typographical refinements (RS)
\MT@toks=\toks22
\MT@count=\count282
LaTeX Info: Redefining \textls on input line 790.
\MT@outer@kern=\dimen159
LaTeX Info: Redefining \textmicrotypecontext on input line 1374.
\MT@listname@count=\count283
(/usr/local/texlive/2021/texmf-dist/tex/latex/microtype/microtype-luatex.def
File: microtype-luatex.def 2021/03/14 v2.8c Definitions specific to luatex (RS)

Module microtype Info: overwriting function `keepligature' on input line 62
LaTeX Info: Redefining \lsstyle on input line 710.
LaTeX Info: Redefining \lslig on input line 710.
\MT@outer@space=\skip67
)
Package microtype Info: Loading configuration file microtype.cfg.
(/usr/local/texlive/2021/texmf-dist/tex/latex/microtype/microtype.cfg
File: microtype.cfg 2021/03/14 v2.8c microtype main configuration file (RS)
)) (/usr/local/texlive/2021/texmf-dist/tex/latex/fancyvrb/fancyvrb.sty
Package: fancyvrb 2021/01/20 v3.7 verbatim text (tvz,hv)
\FV@CodeLineNo=\count284
\FV@InFile=\read2
\FV@TabBox=\box52
\c@FancyVerbLine=\count285
\FV@StepNumber=\count286
\FV@OutFile=\write3
) (/usr/local/texlive/2021/texmf-dist/tex/latex/framed/framed.sty
Package: framed 2011/10/22 v 0.96: framed or shaded text with page breaks
\OuterFrameSep=\skip68
\fb@frw=\dimen160
\fb@frh=\dimen161
\FrameRule=\dimen162
\FrameSep=\dimen163
) (/usr/local/texlive/2021/texmf-dist/tex/latex/tools/longtable.sty
Package: longtable 2020/01/07 v4.13 Multi-page Table package (DPC)
\LTleft=\skip69
\LTright=\skip70
\LTpre=\skip71
\LTpost=\skip72
\LTchunksize=\count287
\LTcapwidth=\dimen164
\LT@head=\box53
\LT@firsthead=\box54
\LT@foot=\box55
\LT@lastfoot=\box56
\LT@cols=\count288
\LT@rows=\count289
\c@LT@tables=\count290
\c@LT@chunks=\count291
\LT@p@ftn=\toks23
)
Class scrreprt Info: longtable captions redefined on input line 112.
(/usr/local/texlive/2021/texmf-dist/tex/latex/booktabs/booktabs.sty
Package: booktabs 2020/01/12 v1.61803398 Publication quality tables
\heavyrulewidth=\dimen165
\lightrulewidth=\dimen166
\cmidrulewidth=\dimen167
\belowrulesep=\dimen168
\belowbottomsep=\dimen169
\aboverulesep=\dimen170
\abovetopsep=\dimen171
\cmidrulesep=\dimen172
\cmidrulekern=\dimen173
\defaultaddspace=\dimen174
\@cmidla=\count292
\@cmidlb=\count293
\@aboverulesep=\dimen175
\@belowrulesep=\dimen176
\@thisruleclass=\count294
\@lastruleclass=\count295
\@thisrulewidth=\dimen177
) (/usr/local/texlive/2021/texmf-dist/tex/latex/tools/array.sty
Package: array 2020/10/01 v2.5c Tabular extension package (FMi)
\col@sep=\dimen178
\ar@mcellbox=\box57
\extrarowheight=\dimen179
\NC@list=\toks24
\extratabsurround=\skip73
\backup@length=\skip74
\ar@cellbox=\box58
)
\c@none=\count296
(/usr/local/texlive/2021/texmf-dist/tex/latex/tools/calc.sty
Package: calc 2017/05/25 v4.3 Infix arithmetic (KKT,FJ)
\calc@Acount=\count297
\calc@Bcount=\count298
\calc@Adimen=\dimen180
\calc@Bdimen=\dimen181
\calc@Askip=\skip75
\calc@Bskip=\skip76
LaTeX Info: Redefining \setlength on input line 80.
LaTeX Info: Redefining \addtolength on input line 81.
\calc@Ccount=\count299
\calc@Cskip=\skip77
) (/usr/local/texlive/2021/texmf-dist/tex/latex/footnotehyper/footnotehyper.sty
Package: footnotehyper 2021/02/04 v1.1d hyperref aware footnote.sty (JFB)
\FNH@notes=\box59
\FNH@width=\dimen182
\FNH@toks=\toks25
) (/usr/local/texlive/2021/texmf-dist/tex/latex/graphics/graphicx.sty
Package: graphicx 2020/09/09 v1.2b Enhanced LaTeX Graphics (DPC,SPQR)
(/usr/local/texlive/2021/texmf-dist/tex/latex/graphics/graphics.sty
Package: graphics 2020/08/30 v1.4c Standard LaTeX Graphics (DPC,SPQR)
(/usr/local/texlive/2021/texmf-dist/tex/latex/graphics/trig.sty
Package: trig 2016/01/03 v1.10 sin cos tan (DPC)
) (/usr/local/texlive/2021/texmf-dist/tex/latex/graphics-cfg/graphics.cfg
File: graphics.cfg 2016/06/04 v1.11 sample graphics configuration
)
Package graphics Info: Driver file: luatex.def on input line 105.
)
\Gin@req@height=\dimen183
\Gin@req@width=\dimen184
)
\pandoc@box=\box60
(/usr/local/texlive/2021/texmf-dist/tex/latex/tcolorbox/tcolorbox.sty
Package: tcolorbox 2020/10/09 version 4.42 text color boxes
(/usr/local/texlive/2021/texmf-dist/tex/latex/pgf/basiclayer/pgf.sty (/usr/loca
l/texlive/2021/texmf-dist/tex/latex/pgf/utilities/pgfrcs.sty
(/usr/local/texlive/2021/texmf-dist/tex/generic/pgf/utilities/pgfutil-common.te
x
\pgfutil@everybye=\toks26
\pgfutil@tempdima=\dimen185
\pgfutil@tempdimb=\dimen186

(/usr/local/texlive/2021/texmf-dist/tex/generic/pgf/utilities/pgfutil-common-li
sts.tex))
(/usr/local/texlive/2021/texmf-dist/tex/generic/pgf/utilities/pgfutil-latex.def
\pgfutil@abb=\box61
) (/usr/local/texlive/2021/texmf-dist/tex/generic/pgf/utilities/pgfrcs.code.tex
(/usr/local/texlive/2021/texmf-dist/tex/generic/pgf/pgf.revision.tex)
Package: pgfrcs 2020/12/27 v3.1.8b (3.1.8b)
))
Package: pgf 2020/12/27 v3.1.8b (3.1.8b)
(/usr/local/texlive/2021/texmf-dist/tex/latex/pgf/basiclayer/pgfcore.sty (/usr/
local/texlive/2021/texmf-dist/tex/latex/pgf/systemlayer/pgfsys.sty
(/usr/local/texlive/2021/texmf-dist/tex/generic/pgf/systemlayer/pgfsys.code.tex
Package: pgfsys 2020/12/27 v3.1.8b (3.1.8b)
(/usr/local/texlive/2021/texmf-dist/tex/generic/pgf/utilities/pgfkeys.code.tex
\pgfkeys@pathtoks=\toks27
\pgfkeys@temptoks=\toks28

(/usr/local/texlive/2021/texmf-dist/tex/generic/pgf/utilities/pgfkeysfiltered.c
ode.tex
\pgfkeys@tmptoks=\toks29
))
\pgf@x=\dimen187
\pgf@y=\dimen188
\pgf@xa=\dimen189
\pgf@ya=\dimen190
\pgf@xb=\dimen191
\pgf@yb=\dimen192
\pgf@xc=\dimen193
\pgf@yc=\dimen194
\pgf@xd=\dimen195
\pgf@yd=\dimen196
\w@pgf@writea=\write4
\r@pgf@reada=\read3
\c@pgf@counta=\count300
\c@pgf@countb=\count301
\c@pgf@countc=\count302
\c@pgf@countd=\count303
\t@pgf@toka=\toks30
\t@pgf@tokb=\toks31
\t@pgf@tokc=\toks32
\pgf@sys@id@count=\count304
(/usr/local/texlive/2021/texmf-dist/tex/generic/pgf/systemlayer/pgf.cfg
File: pgf.cfg 2020/12/27 v3.1.8b (3.1.8b)
)
Driver file for pgf: pgfsys-luatex.def

(/usr/local/texlive/2021/texmf-dist/tex/generic/pgf/systemlayer/pgfsys-luatex.d
ef
File: pgfsys-luatex.def 2020/12/27 v3.1.8b (3.1.8b)

(/usr/local/texlive/2021/texmf-dist/tex/generic/pgf/systemlayer/pgfsys-common-p
df.def
File: pgfsys-common-pdf.def 2020/12/27 v3.1.8b (3.1.8b)
)))
(/usr/local/texlive/2021/texmf-dist/tex/generic/pgf/systemlayer/pgfsyssoftpath.
code.tex
File: pgfsyssoftpath.code.tex 2020/12/27 v3.1.8b (3.1.8b)
\pgfsyssoftpath@smallbuffer@items=\count305
\pgfsyssoftpath@bigbuffer@items=\count306
)
(/usr/local/texlive/2021/texmf-dist/tex/generic/pgf/systemlayer/pgfsysprotocol.
code.tex
File: pgfsysprotocol.code.tex 2020/12/27 v3.1.8b (3.1.8b)
))
(/usr/local/texlive/2021/texmf-dist/tex/generic/pgf/basiclayer/pgfcore.code.tex
Package: pgfcore 2020/12/27 v3.1.8b (3.1.8b)
(/usr/local/texlive/2021/texmf-dist/tex/generic/pgf/math/pgfmath.code.tex (/usr
/local/texlive/2021/texmf-dist/tex/generic/pgf/math/pgfmathcalc.code.tex (/usr/
local/texlive/2021/texmf-dist/tex/generic/pgf/math/pgfmathutil.code.tex)
(/usr/local/texlive/2021/texmf-dist/tex/generic/pgf/math/pgfmathparser.code.tex
\pgfmath@dimen=\dimen197
\pgfmath@count=\count307
\pgfmath@box=\box62
\pgfmath@toks=\toks33
\pgfmath@stack@operand=\toks34
\pgfmath@stack@operation=\toks35
)
(/usr/local/texlive/2021/texmf-dist/tex/generic/pgf/math/pgfmathfunctions.code.
tex
(/usr/local/texlive/2021/texmf-dist/tex/generic/pgf/math/pgfmathfunctions.basic
.code.tex)
(/usr/local/texlive/2021/texmf-dist/tex/generic/pgf/math/pgfmathfunctions.trigo
nometric.code.tex)
(/usr/local/texlive/2021/texmf-dist/tex/generic/pgf/math/pgfmathfunctions.rando
m.code.tex)
(/usr/local/texlive/2021/texmf-dist/tex/generic/pgf/math/pgfmathfunctions.compa
rison.code.tex)
(/usr/local/texlive/2021/texmf-dist/tex/generic/pgf/math/pgfmathfunctions.base.
code.tex)
(/usr/local/texlive/2021/texmf-dist/tex/generic/pgf/math/pgfmathfunctions.round
.code.tex)
(/usr/local/texlive/2021/texmf-dist/tex/generic/pgf/math/pgfmathfunctions.misc.
code.tex)
(/usr/local/texlive/2021/texmf-dist/tex/generic/pgf/math/pgfmathfunctions.integ
erarithmetics.code.tex))) (/usr/local/texlive/2021/texmf-dist/tex/generic/pgf/m
ath/pgfmathfloat.code.tex
\c@pgfmathroundto@lastzeros=\count308
)) (/usr/local/texlive/2021/texmf-dist/tex/generic/pgf/math/pgfint.code.tex)
(/usr/local/texlive/2021/texmf-dist/tex/generic/pgf/basiclayer/pgfcorepoints.co
de.tex
File: pgfcorepoints.code.tex 2020/12/27 v3.1.8b (3.1.8b)
\pgf@picminx=\dimen198
\pgf@picmaxx=\dimen199
\pgf@picminy=\dimen256
\pgf@picmaxy=\dimen257
\pgf@pathminx=\dimen258
\pgf@pathmaxx=\dimen259
\pgf@pathminy=\dimen260
\pgf@pathmaxy=\dimen261
\pgf@xx=\dimen262
\pgf@xy=\dimen263
\pgf@yx=\dimen264
\pgf@yy=\dimen265
\pgf@zx=\dimen266
\pgf@zy=\dimen267
)
(/usr/local/texlive/2021/texmf-dist/tex/generic/pgf/basiclayer/pgfcorepathconst
ruct.code.tex
File: pgfcorepathconstruct.code.tex 2020/12/27 v3.1.8b (3.1.8b)
\pgf@path@lastx=\dimen268
\pgf@path@lasty=\dimen269
)
(/usr/local/texlive/2021/texmf-dist/tex/generic/pgf/basiclayer/pgfcorepathusage
.code.tex
File: pgfcorepathusage.code.tex 2020/12/27 v3.1.8b (3.1.8b)
\pgf@shorten@end@additional=\dimen270
\pgf@shorten@start@additional=\dimen271
)
(/usr/local/texlive/2021/texmf-dist/tex/generic/pgf/basiclayer/pgfcorescopes.co
de.tex
File: pgfcorescopes.code.tex 2020/12/27 v3.1.8b (3.1.8b)
\pgfpic=\box63
\pgf@hbox=\box64
\pgf@layerbox@main=\box65
\pgf@picture@serial@count=\count309
)
(/usr/local/texlive/2021/texmf-dist/tex/generic/pgf/basiclayer/pgfcoregraphicst
ate.code.tex
File: pgfcoregraphicstate.code.tex 2020/12/27 v3.1.8b (3.1.8b)
\pgflinewidth=\dimen272
)
(/usr/local/texlive/2021/texmf-dist/tex/generic/pgf/basiclayer/pgfcoretransform
ations.code.tex
File: pgfcoretransformations.code.tex 2020/12/27 v3.1.8b (3.1.8b)
\pgf@pt@x=\dimen273
\pgf@pt@y=\dimen274
\pgf@pt@temp=\dimen275
)
(/usr/local/texlive/2021/texmf-dist/tex/generic/pgf/basiclayer/pgfcorequick.cod
e.tex
File: pgfcorequick.code.tex 2020/12/27 v3.1.8b (3.1.8b)
)
(/usr/local/texlive/2021/texmf-dist/tex/generic/pgf/basiclayer/pgfcoreobjects.c
ode.tex
File: pgfcoreobjects.code.tex 2020/12/27 v3.1.8b (3.1.8b)
)
(/usr/local/texlive/2021/texmf-dist/tex/generic/pgf/basiclayer/pgfcorepathproce
ssing.code.tex
File: pgfcorepathprocessing.code.tex 2020/12/27 v3.1.8b (3.1.8b)
)
(/usr/local/texlive/2021/texmf-dist/tex/generic/pgf/basiclayer/pgfcorearrows.co
de.tex
File: pgfcorearrows.code.tex 2020/12/27 v3.1.8b (3.1.8b)
\pgfarrowsep=\dimen276
)
(/usr/local/texlive/2021/texmf-dist/tex/generic/pgf/basiclayer/pgfcoreshade.cod
e.tex
File: pgfcoreshade.code.tex 2020/12/27 v3.1.8b (3.1.8b)
\pgf@max=\dimen277
\pgf@sys@shading@range@num=\count310
\pgf@shadingcount=\count311
)
(/usr/local/texlive/2021/texmf-dist/tex/generic/pgf/basiclayer/pgfcoreimage.cod
e.tex
File: pgfcoreimage.code.tex 2020/12/27 v3.1.8b (3.1.8b)

(/usr/local/texlive/2021/texmf-dist/tex/generic/pgf/basiclayer/pgfcoreexternal.
code.tex
File: pgfcoreexternal.code.tex 2020/12/27 v3.1.8b (3.1.8b)
\pgfexternal@startupbox=\box66
))
(/usr/local/texlive/2021/texmf-dist/tex/generic/pgf/basiclayer/pgfcorelayers.co
de.tex
File: pgfcorelayers.code.tex 2020/12/27 v3.1.8b (3.1.8b)
)
(/usr/local/texlive/2021/texmf-dist/tex/generic/pgf/basiclayer/pgfcoretranspare
ncy.code.tex
File: pgfcoretransparency.code.tex 2020/12/27 v3.1.8b (3.1.8b)
)
(/usr/local/texlive/2021/texmf-dist/tex/generic/pgf/basiclayer/pgfcorepatterns.
code.tex
File: pgfcorepatterns.code.tex 2020/12/27 v3.1.8b (3.1.8b)
)
(/usr/local/texlive/2021/texmf-dist/tex/generic/pgf/basiclayer/pgfcorerdf.code.
tex
File: pgfcorerdf.code.tex 2020/12/27 v3.1.8b (3.1.8b)
)))
(/usr/local/texlive/2021/texmf-dist/tex/generic/pgf/modules/pgfmoduleshapes.cod
e.tex
File: pgfmoduleshapes.code.tex 2020/12/27 v3.1.8b (3.1.8b)
\pgfnodeparttextbox=\box67
)
(/usr/local/texlive/2021/texmf-dist/tex/generic/pgf/modules/pgfmoduleplot.code.
tex
File: pgfmoduleplot.code.tex 2020/12/27 v3.1.8b (3.1.8b)
)
(/usr/local/texlive/2021/texmf-dist/tex/latex/pgf/compatibility/pgfcomp-version
-0-65.sty
Package: pgfcomp-version-0-65 2020/12/27 v3.1.8b (3.1.8b)
\pgf@nodesepstart=\dimen278
\pgf@nodesepend=\dimen279
)
(/usr/local/texlive/2021/texmf-dist/tex/latex/pgf/compatibility/pgfcomp-version
-1-18.sty
Package: pgfcomp-version-1-18 2020/12/27 v3.1.8b (3.1.8b)
)) (/usr/local/texlive/2021/texmf-dist/tex/latex/tools/verbatim.sty
Package: verbatim 2020-07-07 v1.5u LaTeX2e package for verbatim enhancements
\every@verbatim=\toks36
\verbatim@line=\toks37
\verbatim@in@stream=\read4
) (/usr/local/texlive/2021/texmf-dist/tex/latex/environ/environ.sty
Package: environ 2014/05/04 v0.3 A new way to define environments
(/usr/local/texlive/2021/texmf-dist/tex/latex/trimspaces/trimspaces.sty
Package: trimspaces 2009/09/17 v1.1 Trim spaces around a token list
))
\tcb@titlebox=\box68
\tcb@upperbox=\box69
\tcb@lowerbox=\box70
\tcb@phantombox=\box71
\c@tcbbreakpart=\count312
\c@tcblayer=\count313
\c@tcolorbox@number=\count314
\tcb@temp=\box72
\tcb@temp=\box73
\tcb@temp=\box74
\tcb@temp=\box75
\tcb@out=\write5
\tcb@record@out=\write6
(/usr/local/texlive/2021/texmf-dist/tex/latex/tcolorbox/tcbraster.code.tex
Library (tcolorbox): 'tcbraster.code.tex' version '4.42'
\c@tcbrastercolumn=\count315
\c@tcbrasterrow=\count316
\c@tcbraster=\count317
) (/usr/local/texlive/2021/texmf-dist/tex/latex/tcolorbox/tcbskins.code.tex
Library (tcolorbox): 'tcbskins.code.tex' version '4.42'
(/usr/local/texlive/2021/texmf-dist/tex/latex/pgf/frontendlayer/tikz.sty (/usr/
local/texlive/2021/texmf-dist/tex/latex/pgf/utilities/pgffor.sty (/usr/local/te
xlive/2021/texmf-dist/tex/latex/pgf/utilities/pgfkeys.sty (/usr/local/texlive/2
021/texmf-dist/tex/generic/pgf/utilities/pgfkeys.code.tex)) (/usr/local/texlive
/2021/texmf-dist/tex/latex/pgf/math/pgfmath.sty (/usr/local/texlive/2021/texmf-
dist/tex/generic/pgf/math/pgfmath.code.tex)) (/usr/local/texlive/2021/texmf-dis
t/tex/generic/pgf/utilities/pgffor.code.tex
Package: pgffor 2020/12/27 v3.1.8b (3.1.8b)
(/usr/local/texlive/2021/texmf-dist/tex/generic/pgf/math/pgfmath.code.tex)
\pgffor@iter=\dimen280
\pgffor@skip=\dimen281
\pgffor@stack=\toks38
\pgffor@toks=\toks39
))
(/usr/local/texlive/2021/texmf-dist/tex/generic/pgf/frontendlayer/tikz/tikz.cod
e.tex
Package: tikz 2020/12/27 v3.1.8b (3.1.8b)

(/usr/local/texlive/2021/texmf-dist/tex/generic/pgf/libraries/pgflibraryplothan
dlers.code.tex
File: pgflibraryplothandlers.code.tex 2020/12/27 v3.1.8b (3.1.8b)
\pgf@plot@mark@count=\count318
\pgfplotmarksize=\dimen282
)
\tikz@lastx=\dimen283
\tikz@lasty=\dimen284
\tikz@lastxsaved=\dimen285
\tikz@lastysaved=\dimen286
\tikz@lastmovetox=\dimen287
\tikz@lastmovetoy=\dimen288
\tikzleveldistance=\dimen289
\tikzsiblingdistance=\dimen290
\tikz@figbox=\box76
\tikz@figbox@bg=\box77
\tikz@tempbox=\box78
\tikz@tempbox@bg=\box79
\tikztreelevel=\count319
\tikznumberofchildren=\count320
\tikznumberofcurrentchild=\count321
\tikz@fig@count=\count322

(/usr/local/texlive/2021/texmf-dist/tex/generic/pgf/modules/pgfmodulematrix.cod
e.tex
File: pgfmodulematrix.code.tex 2020/12/27 v3.1.8b (3.1.8b)
\pgfmatrixcurrentrow=\count323
\pgfmatrixcurrentcolumn=\count324
\pgf@matrix@numberofcolumns=\count325
)
\tikz@expandcount=\count326

(/usr/local/texlive/2021/texmf-dist/tex/generic/pgf/frontendlayer/tikz/librarie
s/tikzlibrarytopaths.code.tex
File: tikzlibrarytopaths.code.tex 2020/12/27 v3.1.8b (3.1.8b)
)))
\tcb@waterbox=\box80

(/usr/local/texlive/2021/texmf-dist/tex/latex/tcolorbox/tcbskinsjigsaw.code.tex
Library (tcolorbox): 'tcbskinsjigsaw.code.tex' version '4.42'
)) (/usr/local/texlive/2021/texmf-dist/tex/latex/tcolorbox/tcbbreakable.code.te
x
Library (tcolorbox): 'tcbbreakable.code.tex' version '4.42'
(/usr/local/texlive/2021/texmf-dist/tex/generic/oberdiek/pdfcol.sty
Package: pdfcol 2019/12/29 v1.6 Handle new color stacks for pdfTeX (HO)
(/usr/local/texlive/2021/texmf-dist/tex/generic/ltxcmds/ltxcmds.sty
Package: ltxcmds 2020-05-10 v1.25 LaTeX kernel commands for general use (HO)
) (/usr/local/texlive/2021/texmf-dist/tex/generic/infwarerr/infwarerr.sty
Package: infwarerr 2019/12/03 v1.5 Providing info/warning/error messages (HO)
))
Package pdfcol Info: New color stack `tcb@breakable' = 1 on input line 23.
\tcb@testbox=\box81
\tcb@totalupperbox=\box82
\tcb@totallowerbox=\box83
(/usr/local/texlive/2021/texmf-dist/tex/generic/iftex/ifluatex.sty
Package: ifluatex 2019/10/25 v1.5 ifluatex legacy package. Use iftex instead.
)) (/usr/local/texlive/2021/texmf-dist/tex/latex/tcolorbox/tcbhooks.code.tex
Library (tcolorbox): 'tcbhooks.code.tex' version '4.42'
) (/usr/local/texlive/2021/texmf-dist/tex/latex/tcolorbox/tcbtheorems.code.tex
Library (tcolorbox): 'tcbtheorems.code.tex' version '4.42'
) (/usr/local/texlive/2021/texmf-dist/tex/latex/tcolorbox/tcbfitting.code.tex
Library (tcolorbox): 'tcbfitting.code.tex' version '4.42'
\tcbfitdim=\dimen291
\tcb@lowerfitdim=\dimen292
\tcb@upperfitdim=\dimen293
\tcb@cur@hbadness=\count327
) (/usr/local/texlive/2021/texmf-dist/tex/latex/tcolorbox/tcbxparse.code.tex
Library (tcolorbox): 'tcbxparse.code.tex' version '4.42'
)
(/usr/local/texlive/2021/texmf-dist/tex/latex/tcolorbox/tcblistingsutf8.code.te
x
Library (tcolorbox): 'tcblistingsutf8.code.tex' version '4.42'
(/usr/local/texlive/2021/texmf-dist/tex/latex/tcolorbox/tcblistings.code.tex
Library (tcolorbox): 'tcblistings.code.tex' version '4.42'
(/usr/local/texlive/2021/texmf-dist/tex/latex/listings/listings.sty
\lst@mode=\count328
\lst@gtempboxa=\box84
\lst@token=\toks40
\lst@length=\count329
\lst@currlwidth=\dimen294
\lst@column=\count330
\lst@pos=\count331
\lst@lostspace=\dimen295
\lst@width=\dimen296
\lst@newlines=\count332
\lst@lineno=\count333
\lst@maxwidth=\dimen297
(/usr/local/texlive/2021/texmf-dist/tex/latex/listings/lstmisc.sty
File: lstmisc.sty 2020/03/24 1.8d (Carsten Heinz)
\c@lstnumber=\count334
\lst@skipnumbers=\count335
\lst@framebox=\box85
) (/usr/local/texlive/2021/texmf-dist/tex/latex/listings/listings.cfg
File: listings.cfg 2020/03/24 1.8d listings configuration
))
Package: listings 2020/03/24 1.8d (Carsten Heinz)

(/usr/local/texlive/2021/texmf-dist/tex/latex/tcolorbox/tcblistingscore.code.te
x
Library (tcolorbox): 'tcblistingscore.code.tex' version '4.42'
(/usr/local/texlive/2021/texmf-dist/tex/latex/tcolorbox/tcbprocessing.code.tex
Library (tcolorbox): 'tcbprocessing.code.tex' version '4.42'
(/usr/local/texlive/2021/texmf-dist/tex/generic/pdftexcmds/pdftexcmds.sty
Package: pdftexcmds 2020-06-27 v0.33 Utility functions of pdfTeX for LuaTeX (HO
)
Package pdftexcmds Info: \pdf@primitive is available.
Package pdftexcmds Info: \pdf@ifprimitive is available.
Package pdftexcmds Info: \pdfdraftmode found.
\pdftexcmds@toks=\toks41
) (/usr/local/texlive/2021/texmf-dist/tex/latex/tools/shellesc.sty
Package: shellesc 2019/11/08 v1.0c unified shell escape interface for LaTeX
Package shellesc Info: Restricted shell escape enabled on input line 77.
))
\c@tcblisting=\count336
))
Package tcolorbox Info: Library `listingsutf8' is compatible with pdftex only. 
Library `listings` is loaded instead. on input line 29.
) (/usr/local/texlive/2021/texmf-dist/tex/latex/tcolorbox/tcbexternal.code.tex
Library (tcolorbox): 'tcbexternal.code.tex' version '4.42'
) (/usr/local/texlive/2021/texmf-dist/tex/latex/tcolorbox/tcbmagazine.code.tex
Library (tcolorbox): 'tcbmagazine.code.tex' version '4.42'
) (/usr/local/texlive/2021/texmf-dist/tex/latex/tcolorbox/tcbvignette.code.tex
Library (tcolorbox): 'tcbvignette.code.tex' version '4.42'

(/usr/local/texlive/2021/texmf-dist/tex/generic/pgf/frontendlayer/tikz/librarie
s/tikzlibraryfadings.code.tex
File: tikzlibraryfadings.code.tex 2020/12/27 v3.1.8b (3.1.8b)

(/usr/local/texlive/2021/texmf-dist/tex/generic/pgf/libraries/pgflibraryfadings
.code.tex
File: pgflibraryfadings.code.tex 2020/12/27 v3.1.8b (3.1.8b)
))) (/usr/local/texlive/2021/texmf-dist/tex/latex/tcolorbox/tcbposter.code.tex
Library (tcolorbox): 'tcbposter.code.tex' version '4.42'
)) (/usr/local/texlive/2021/texmf-dist/tex/latex/caption/caption.sty
Package: caption 2020/10/26 v3.5g Customizing captions (AR)
(/usr/local/texlive/2021/texmf-dist/tex/latex/caption/caption3.sty
Package: caption3 2020/10/21 v2.2e caption3 kernel (AR)
\captionmargin=\dimen298
\captionmargin@=\dimen299
\captionwidth=\dimen300
\caption@tempdima=\dimen301
\caption@indent=\dimen302
\caption@parindent=\dimen303
\caption@hangindent=\dimen304
Package caption Info: KOMA-Script document class detected.
(/usr/local/texlive/2021/texmf-dist/tex/latex/caption/caption-koma.sto
File: caption-koma.sto 2020/09/21 v2.0b Adaption of the caption package to the 
KOMA-Script document classes (AR)
))
\c@caption@flags=\count337
\c@continuedfloat=\count338
Package caption Info: listings package is loaded.
Package caption Info: longtable package is loaded.
(/usr/local/texlive/2021/texmf-dist/tex/latex/caption/ltcaption.sty
Package: ltcaption 2020/05/30 v1.4b longtable captions (AR)
)) (/usr/local/texlive/2021/texmf-dist/tex/latex/colortbl/colortbl.sty
Package: colortbl 2020/01/04 v1.0e Color table columns (DPC)
\everycr=\toks42
\minrowclearance=\skip78
) (/usr/local/texlive/2021/texmf-dist/tex/latex/anyfontsize/anyfontsize.sty
Package: anyfontsize 2007/11/22 anyfontsize.sty by pts
) (/usr/local/texlive/2021/texmf-dist/tex/latex/multirow/multirow.sty
Package: multirow 2021/03/15 v2.8 Span multiple rows of a table
\multirow@colwidth=\skip79
\multirow@cntb=\count339
\multirow@dima=\skip80
\bigstrutjot=\dimen305
) (/usr/local/texlive/2021/texmf-dist/tex/latex/fontawesome5/fontawesome5.sty
Package: fontawesome5 2020/03/24 v5.13.0 Font Awesome 5

(/usr/local/texlive/2021/texmf-dist/tex/latex/fontawesome5/fontawesome5-utex-he
lper.sty
Package: fontawesome5-utex-helper 2020/03/24 v5.13.0 uTeX helper for fontawesom
e5
(/usr/local/texlive/2021/texmf-dist/tex/luatex/luatexbase/luatexbase.sty
Package: luatexbase 2015/10/04 v1.3 luatexbase interface to LuaTeX 
(/usr/local/texlive/2021/texmf-dist/tex/luatex/ctablestack/ctablestack.sty
Package: ctablestack 2015/10/01 v1.0 Catcode table stable support
\@catcodetablestackcnt=\count340
)
\CatcodeTableOther=\catcodetable12
\CatcodeTableExpl=\catcodetable13
)
LaTeX Font Info:    Trying to load font information for TU+fontawesomefree on i
nput line 69.

(/usr/local/texlive/2021/texmf-dist/tex/latex/fontawesome5/tufontawesomefree.fd
)
LaTeX Font Info:    Trying to load font information for TU+fontawesomebrands on
 input line 70.

(/usr/local/texlive/2021/texmf-dist/tex/latex/fontawesome5/tufontawesomebrands.
fd))) (/usr/local/texlive/2021/texmf-dist/tex/latex/bookmark/bookmark.sty
Package: bookmark 2020-11-06 v1.29 PDF bookmarks (HO)
(/usr/local/texlive/2021/texmf-dist/tex/latex/hyperref/hyperref.sty
Package: hyperref 2021-02-27 v7.00k Hypertext links for LaTeX
(/usr/local/texlive/2021/texmf-dist/tex/generic/kvsetkeys/kvsetkeys.sty
Package: kvsetkeys 2019/12/15 v1.18 Key value parser (HO)
) (/usr/local/texlive/2021/texmf-dist/tex/generic/kvdefinekeys/kvdefinekeys.sty
Package: kvdefinekeys 2019-12-19 v1.6 Define keys (HO)
) (/usr/local/texlive/2021/texmf-dist/tex/generic/pdfescape/pdfescape.sty
Package: pdfescape 2019/12/09 v1.15 Implements pdfTeX's escape features (HO)
) (/usr/local/texlive/2021/texmf-dist/tex/latex/hycolor/hycolor.sty
Package: hycolor 2020-01-27 v1.10 Color options for hyperref/bookmark (HO)
) (/usr/local/texlive/2021/texmf-dist/tex/latex/letltxmacro/letltxmacro.sty
Package: letltxmacro 2019/12/03 v1.6 Let assignment for LaTeX macros (HO)
) (/usr/local/texlive/2021/texmf-dist/tex/latex/auxhook/auxhook.sty
Package: auxhook 2019-12-17 v1.6 Hooks for auxiliary files (HO)
) (/usr/local/texlive/2021/texmf-dist/tex/latex/kvoptions/kvoptions.sty
Package: kvoptions 2020-10-07 v3.14 Key value format for package options (HO)
)
\@linkdim=\dimen306
\Hy@linkcounter=\count341
\Hy@pagecounter=\count342
(/usr/local/texlive/2021/texmf-dist/tex/latex/hyperref/pd1enc.def
File: pd1enc.def 2021-02-27 v7.00k Hyperref: PDFDocEncoding definition (HO)
)
(/usr/local/texlive/2021/texmf-dist/tex/latex/hyperref/hyperref-langpatches.def
File: hyperref-langpatches.def 2021-02-27 v7.00k Hyperref: patches for babel la
nguages
) (/usr/local/texlive/2021/texmf-dist/tex/generic/intcalc/intcalc.sty
Package: intcalc 2019/12/15 v1.3 Expandable calculations with integers (HO)
) (/usr/local/texlive/2021/texmf-dist/tex/generic/etexcmds/etexcmds.sty
Package: etexcmds 2019/12/15 v1.7 Avoid name clashes with e-TeX commands (HO)
)
\Hy@SavedSpaceFactor=\count343
(/usr/local/texlive/2021/texmf-dist/tex/latex/hyperref/puenc.def
File: puenc.def 2021-02-27 v7.00k Hyperref: PDF Unicode definition (HO)
)
Package hyperref Info: Option `unicode' set `true' on input line 4073.
Package hyperref Info: Hyper figures OFF on input line 4192.
Package hyperref Info: Link nesting OFF on input line 4197.
Package hyperref Info: Hyper index ON on input line 4200.
Package hyperref Info: Plain pages OFF on input line 4207.
Package hyperref Info: Backreferencing OFF on input line 4212.
Package hyperref Info: Implicit mode ON; LaTeX internals redefined.
Package hyperref Info: Bookmarks ON on input line 4445.
\c@Hy@tempcnt=\count344
(/usr/local/texlive/2021/texmf-dist/tex/latex/url/url.sty
\Urlmuskip=\muskip18
Package: url 2013/09/16  ver 3.4  Verb mode for urls, etc.
)
LaTeX Info: Redefining \url on input line 4804.
\XeTeXLinkMargin=\dimen307
(/usr/local/texlive/2021/texmf-dist/tex/generic/bitset/bitset.sty
Package: bitset 2019/12/09 v1.3 Handle bit-vector datatype (HO)
(/usr/local/texlive/2021/texmf-dist/tex/generic/bigintcalc/bigintcalc.sty
Package: bigintcalc 2019/12/15 v1.5 Expandable calculations on big integers (HO
)
))
\Fld@menulength=\count345
\Field@Width=\dimen308
\Fld@charsize=\dimen309
Package hyperref Info: Hyper figures OFF on input line 6075.
Package hyperref Info: Link nesting OFF on input line 6080.
Package hyperref Info: Hyper index ON on input line 6083.
Package hyperref Info: backreferencing OFF on input line 6090.
Package hyperref Info: Link coloring OFF on input line 6095.
Package hyperref Info: Link coloring with OCG OFF on input line 6100.
Package hyperref Info: PDF/A mode OFF on input line 6105.
LaTeX Info: Redefining \ref on input line 6145.
LaTeX Info: Redefining \pageref on input line 6149.
(/usr/local/texlive/2021/texmf-dist/tex/latex/base/atbegshi-ltx.sty
Package: atbegshi-ltx 2020/08/17 v1.0a Emulation of the original atbegshi packa
ge
with kernel methods
)
\Hy@abspage=\count346
\c@Item=\count347
\c@Hfootnote=\count348
)
Package hyperref Info: Driver (autodetected): hluatex.
(/usr/local/texlive/2021/texmf-dist/tex/latex/hyperref/hluatex.def
File: hluatex.def 2021-02-27 v7.00k Hyperref driver for luaTeX
(/usr/local/texlive/2021/texmf-dist/tex/generic/stringenc/stringenc.sty
Package: stringenc 2019/11/29 v1.12 Convert strings between diff. encodings (HO
)
) (/usr/local/texlive/2021/texmf-dist/tex/latex/base/atveryend-ltx.sty
Package: atveryend-ltx 2020/08/19 v1.0a Emulation of the original atvery packag
e
with kernel methods
)
\Fld@listcount=\count349
\c@bookmark@seq@number=\count350

(/usr/local/texlive/2021/texmf-dist/tex/latex/rerunfilecheck/rerunfilecheck.sty
Package: rerunfilecheck 2019/12/05 v1.9 Rerun checks for auxiliary files (HO)

(/usr/local/texlive/2021/texmf-dist/tex/generic/uniquecounter/uniquecounter.sty
Package: uniquecounter 2019/12/15 v1.4 Provide unlimited unique counter (HO)
)
Package uniquecounter Info: New unique counter `rerunfilecheck' on input line 2
86.
)
\Hy@SectionHShift=\skip81
) (/usr/local/texlive/2021/texmf-dist/tex/latex/bookmark/bkm-pdftex.def
File: bkm-pdftex.def 2020-11-06 v1.29 bookmark driver for pdfTeX (HO)
\BKM@id=\count351
)) (/usr/local/texlive/2021/texmf-dist/tex/latex/float/float.sty
Package: float 2001/11/08 v1.3d Float enhancements (AL)
\c@float@type=\count352
\float@exts=\toks43
\float@box=\box86
\@float@everytoks=\toks44
\@floatcapt=\box87
)
\@float@every@codelisting=\toks45
\c@codelisting=\count353
(/usr/local/texlive/2021/texmf-dist/tex/latex/caption/subcaption.sty
Package: subcaption 2020/10/07 v1.3j Sub-captions (AR)
\c@subfigure=\count354
\c@subtable=\count355
) (/usr/local/texlive/2021/texmf-dist/tex/latex/xurl/xurl.sty
Package: xurl 2020/12/30 v 0.09a modify URL breaks
)
Package hyperref Info: Option `colorlinks' set `true' on input line 399.
(./index.aux)
\openout1 = index.aux

LaTeX Font Info:    Checking defaults for OML/cmm/m/it on input line 412.
LaTeX Font Info:    ... okay on input line 412.
LaTeX Font Info:    Checking defaults for OMS/cmsy/m/n on input line 412.
LaTeX Font Info:    ... okay on input line 412.
LaTeX Font Info:    Checking defaults for OT1/cmr/m/n on input line 412.
LaTeX Font Info:    ... okay on input line 412.
LaTeX Font Info:    Checking defaults for T1/cmr/m/n on input line 412.
LaTeX Font Info:    ... okay on input line 412.
LaTeX Font Info:    Checking defaults for TS1/cmr/m/n on input line 412.
LaTeX Font Info:    ... okay on input line 412.
LaTeX Font Info:    Checking defaults for TU/lmr/m/n on input line 412.
LaTeX Font Info:    ... okay on input line 412.
LaTeX Font Info:    Checking defaults for OMX/cmex/m/n on input line 412.
LaTeX Font Info:    ... okay on input line 412.
LaTeX Font Info:    Checking defaults for U/cmr/m/n on input line 412.
LaTeX Font Info:    ... okay on input line 412.
LaTeX Font Info:    Checking defaults for PD1/pdf/m/n on input line 412.
LaTeX Font Info:    ... okay on input line 412.
LaTeX Font Info:    Checking defaults for PU/pdf/m/n on input line 412.
LaTeX Font Info:    ... okay on input line 412.
Package scrbase Info: activating english \contentsname on input line 412.
Package scrbase Info: activating english \listfigurename on input line 412.
Package scrbase Info: activating english \listtablename on input line 412.
(/usr/local/texlive/2021/texmf-dist/tex/context/base/mkii/supp-pdf.mkii
[Loading MPS to PDF converter (version 2006.09.02).]
\scratchcounter=\count356
\scratchdimen=\dimen310
\scratchbox=\box88
\nofMPsegments=\count357
\nofMParguments=\count358
\everyMPshowfont=\toks46
\MPscratchCnt=\count359
\MPscratchDim=\dimen311
\MPnumerator=\count360
\makeMPintoPDFobject=\count361
\everyMPtoPDFconversion=\toks47
) (/usr/local/texlive/2021/texmf-dist/tex/latex/epstopdf-pkg/epstopdf-base.sty
Package: epstopdf-base 2020-01-24 v2.11 Base part for package epstopdf
Package epstopdf-base Info: Redefining graphics rule for `.eps' on input line 4
85.
(/usr/local/texlive/2021/texmf-dist/tex/latex/latexconfig/epstopdf-sys.cfg
File: epstopdf-sys.cfg 2010/07/13 v1.3 Configuration of (r)epstopdf for TeX Liv
e
))
*geometry* driver: auto-detecting
*geometry* detected driver: luatex
*geometry* verbose mode - [ preamble ] result:
* driver: luatex
* paper: letterpaper
* layout: <same size as paper>
* layoutoffset:(h,v)=(0.0pt,0.0pt)
* modes: 
* h-part:(L,W,R)=(56.9055pt, 500.484pt, 56.9055pt)
* v-part:(T,H,B)=(71.13188pt, 628.44073pt, 95.39737pt)
* \paperwidth=614.295pt
* \paperheight=794.96999pt
* \textwidth=500.484pt
* \textheight=628.44073pt
* \oddsidemargin=-15.36449pt
* \evensidemargin=-15.36449pt
* \topmargin=-38.53812pt
* \headheight=17.0pt
* \headsep=20.40001pt
* \topskip=11.0pt
* \footskip=47.6pt
* \marginparwidth=55.84499pt
* \marginparsep=12.8401pt
* \columnsep=10.0pt
* \skip\footins=10.0pt plus 4.0pt minus 2.0pt
* \hoffset=0.0pt
* \voffset=0.0pt
* \mag=1000
* \@twocolumnfalse
* \@twosidefalse
* \@mparswitchfalse
* \@reversemarginfalse
* (1in=72.27pt=25.4mm, 1cm=28.453pt)

LaTeX Font Info:    Overwriting math alphabet `\mathsf' in version `normal'
(Font)                  OT1/lmss/m/n --> TU/lmss/m/n on input line 412.
LaTeX Font Info:    Overwriting math alphabet `\mathsf' in version `bold'
(Font)                  OT1/lmss/bx/n --> TU/lmss/b/n on input line 412.
LaTeX Font Info:    Overwriting math alphabet `\mathtt' in version `normal'
(Font)                  OT1/lmtt/m/n --> TU/lmtt/m/n on input line 412.
LaTeX Font Info:    Overwriting math alphabet `\mathtt' in version `bold'
(Font)                  OT1/lmtt/m/n --> TU/lmtt/b/n on input line 412.

Package fontspec Info: latinmodern-math scale = 1.03773420197546.


Package fontspec Info: latinmodern-math scale = 1.03773420197546.


Package fontspec Info: latinmodern-math scale = 1.03773420197546.


Package fontspec Info: Font family 'latinmodern-math.otf(0)' created for font
(fontspec)             'latinmodern-math.otf' with options
(fontspec)             [Scale=MatchLowercase,Renderer=Basic,BoldItalicFont={},I
talicFont={},SmallCapsFont={},Script=Math,FontAdjustment={\__um_luatex_copy_fon
tdimens:
(fontspec)             },BoldFont={latinmodern-math.otf}].
(fontspec)              
(fontspec)              This font family consists of the following NFSS
(fontspec)             series/shapes:
(fontspec)              
(fontspec)             - 'normal' (m/n) with NFSS spec.:
(fontspec)             <->s*[1.03773420197546]"[latinmodern-math.otf]:mode=base
;script=math;language=dflt;"
(fontspec)             - 'small caps'  (m/sc) with NFSS spec.: 
(fontspec)             and font adjustment code:
(fontspec)             \__um_luatex_copy_fontdimens: 
(fontspec)             - 'bold' (b/n) with NFSS spec.:
(fontspec)             <->s*[1.03773420197546]"[latinmodern-math.otf]:mode=base
;script=math;language=dflt;"
(fontspec)             - 'bold small caps'  (b/sc) with NFSS spec.: 
(fontspec)             and font adjustment code:
(fontspec)             \__um_luatex_copy_fontdimens: 

LaTeX Font Info:    Font shape `TU/latinmodern-math.otf(0)/m/n' will be
(Font)              scaled to size 11.36319pt on input line 412.

Package fontspec Info: latinmodern-math scale = 1.03773420197546.


Package fontspec Info: latinmodern-math scale = 1.03773420197546.


Package fontspec Info: latinmodern-math scale = 1.03773420197546.


Package fontspec Info: latinmodern-math scale = 1.03773420197546.


Package fontspec Info: latinmodern-math scale = 1.03773420197546.


Package fontspec Info: Font family 'latinmodern-math.otf(1)' created for font
(fontspec)             'latinmodern-math.otf' with options
(fontspec)             [Scale=MatchLowercase,Renderer=Basic,BoldItalicFont={},I
talicFont={},SmallCapsFont={},Script=Math,SizeFeatures={{Size=9.3075-},{Size=6.
57-9.3075,Font=latinmodern-math.otf,Style=MathScript},{Size=-6.57,Font=latinmod
ern-math.otf,Style=MathScriptScript}},FontAdjustment={\__um_luatex_copy_fontdim
ens:
(fontspec)             },BoldFont={latinmodern-math.otf}].
(fontspec)              
(fontspec)              This font family consists of the following NFSS
(fontspec)             series/shapes:
(fontspec)              
(fontspec)             - 'normal' (m/n) with NFSS spec.:
(fontspec)             <9.3075->s*[1.03773420197546]"[latinmodern-math.otf]:mod
e=base;script=math;language=dflt;"<6.57-9.3075>s*[1.03773420197546]"[latinmoder
n-math.otf]:mode=base;script=math;language=dflt;+ssty=0;"<-6.57>s*[1.0377342019
7546]"[latinmodern-math.otf]:mode=base;script=math;language=dflt;+ssty=1;"
(fontspec)             - 'small caps'  (m/sc) with NFSS spec.: 
(fontspec)             and font adjustment code:
(fontspec)             \__um_luatex_copy_fontdimens: 
(fontspec)             - 'bold' (b/n) with NFSS spec.:
(fontspec)             <->s*[1.03773420197546]"[latinmodern-math.otf]:mode=base
;script=math;language=dflt;"
(fontspec)             - 'bold small caps'  (b/sc) with NFSS spec.: 
(fontspec)             and font adjustment code:
(fontspec)             \__um_luatex_copy_fontdimens: 

LaTeX Font Info:    Font shape `TU/latinmodern-math.otf(1)/m/n' will be
(Font)              scaled to size 11.36319pt on input line 412.
LaTeX Font Info:    Encoding `OT1' has changed to `TU' for symbol font
(Font)              `operators' in the math version `normal' on input line 412.

LaTeX Font Info:    Overwriting symbol font `operators' in version `normal'
(Font)                  OT1/lmr/m/n --> TU/latinmodern-math.otf(1)/m/n on input
 line 412.
LaTeX Font Info:    Encoding `OT1' has changed to `TU' for symbol font
(Font)              `operators' in the math version `bold' on input line 412.
LaTeX Font Info:    Overwriting symbol font `operators' in version `bold'
(Font)                  OT1/lmr/bx/n --> TU/latinmodern-math.otf(1)/b/n on inpu
t line 412.

Package fontspec Info: latinmodern-math scale = 1.03773420197546.


Package fontspec Info: latinmodern-math scale = 1.037837975395658.


Package fontspec Info: latinmodern-math scale = 1.03773420197546.


Package fontspec Info: latinmodern-math scale = 1.037837975395658.


Package fontspec Info: latinmodern-math scale = 1.03773420197546.


Package fontspec Info: latinmodern-math scale = 1.037837975395658.


Package fontspec Info: latinmodern-math scale = 1.03773420197546.


Package fontspec Info: latinmodern-math scale = 1.037837975395658.


Package fontspec Info: latinmodern-math scale = 1.03773420197546.


Package fontspec Info: latinmodern-math scale = 1.037837975395658.


Package fontspec Info: Font family 'latinmodern-math.otf(2)' created for font
(fontspec)             'latinmodern-math.otf' with options
(fontspec)             [Scale=MatchLowercase,Renderer=Basic,BoldItalicFont={},I
talicFont={},SmallCapsFont={},Script=Math,SizeFeatures={{Size=9.3075-},{Size=6.
57-9.3075,Font=latinmodern-math.otf,Style=MathScript},{Size=-6.57,Font=latinmod
ern-math.otf,Style=MathScriptScript}},FontAdjustment={\__um_luatex_copy_fontdim
ens:
(fontspec)             },BoldFont={latinmodern-math.otf},ScaleAgain=1.0001,Font
Adjustment={\fontdimen
(fontspec)             8\font =7.69287pt\relax \fontdimen 9\font
(fontspec)             =4.4771pt\relax \fontdimen 10\font =5.04524pt\relax
(fontspec)             \fontdimen 11\font =7.79514pt\relax \fontdimen 12\font
(fontspec)             =3.92029pt\relax \fontdimen 13\font =4.12483pt\relax
(fontspec)             \fontdimen 14\font =4.12483pt\relax \fontdimen 15\font
(fontspec)             =3.28395pt\relax \fontdimen 16\font =2.8067pt\relax
(fontspec)             \fontdimen 17\font =2.8067pt\relax \fontdimen 18\font
(fontspec)             =2.84079pt\relax \fontdimen 19\font =2.27263pt\relax
(fontspec)             \fontdimen 22\font =2.84079pt\relax \fontdimen 20\font
(fontspec)             =0pt\relax \fontdimen 21\font =0pt\relax }].
(fontspec)              
(fontspec)              This font family consists of the following NFSS
(fontspec)             series/shapes:
(fontspec)              
(fontspec)             - 'normal' (m/n) with NFSS spec.:
(fontspec)             <9.3075->s*[1.037837975395658]"[latinmodern-math.otf]:mo
de=base;script=math;language=dflt;"<6.57-9.3075>s*[1.037837975395658]"[latinmod
ern-math.otf]:mode=base;script=math;language=dflt;+ssty=0;"<-6.57>s*[1.03783797
5395658]"[latinmodern-math.otf]:mode=base;script=math;language=dflt;+ssty=1;"
(fontspec)             - 'small caps'  (m/sc) with NFSS spec.: 
(fontspec)             and font adjustment code:
(fontspec)             \__um_luatex_copy_fontdimens: \fontdimen 8\font
(fontspec)             =7.69287pt\relax \fontdimen 9\font =4.4771pt\relax
(fontspec)             \fontdimen 10\font =5.04524pt\relax \fontdimen 11\font
(fontspec)             =7.79514pt\relax \fontdimen 12\font =3.92029pt\relax
(fontspec)             \fontdimen 13\font =4.12483pt\relax \fontdimen 14\font
(fontspec)             =4.12483pt\relax \fontdimen 15\font =3.28395pt\relax
(fontspec)             \fontdimen 16\font =2.8067pt\relax \fontdimen 17\font
(fontspec)             =2.8067pt\relax \fontdimen 18\font =2.84079pt\relax
(fontspec)             \fontdimen 19\font =2.27263pt\relax \fontdimen 22\font
(fontspec)             =2.84079pt\relax \fontdimen 20\font =0pt\relax
(fontspec)             \fontdimen 21\font =0pt\relax 
(fontspec)             - 'bold' (b/n) with NFSS spec.:
(fontspec)             <->s*[1.037837975395658]"[latinmodern-math.otf]:mode=bas
e;script=math;language=dflt;"
(fontspec)             - 'bold small caps'  (b/sc) with NFSS spec.: 
(fontspec)             and font adjustment code:
(fontspec)             \__um_luatex_copy_fontdimens: \fontdimen 8\font
(fontspec)             =7.69287pt\relax \fontdimen 9\font =4.4771pt\relax
(fontspec)             \fontdimen 10\font =5.04524pt\relax \fontdimen 11\font
(fontspec)             =7.79514pt\relax \fontdimen 12\font =3.92029pt\relax
(fontspec)             \fontdimen 13\font =4.12483pt\relax \fontdimen 14\font
(fontspec)             =4.12483pt\relax \fontdimen 15\font =3.28395pt\relax
(fontspec)             \fontdimen 16\font =2.8067pt\relax \fontdimen 17\font
(fontspec)             =2.8067pt\relax \fontdimen 18\font =2.84079pt\relax
(fontspec)             \fontdimen 19\font =2.27263pt\relax \fontdimen 22\font
(fontspec)             =2.84079pt\relax \fontdimen 20\font =0pt\relax
(fontspec)             \fontdimen 21\font =0pt\relax 

LaTeX Font Info:    Encoding `OMS' has changed to `TU' for symbol font
(Font)              `symbols' in the math version `normal' on input line 412.
LaTeX Font Info:    Overwriting symbol font `symbols' in version `normal'
(Font)                  OMS/lmsy/m/n --> TU/latinmodern-math.otf(2)/m/n on inpu
t line 412.
LaTeX Font Info:    Encoding `OMS' has changed to `TU' for symbol font
(Font)              `symbols' in the math version `bold' on input line 412.
LaTeX Font Info:    Overwriting symbol font `symbols' in version `bold'
(Font)                  OMS/lmsy/b/n --> TU/latinmodern-math.otf(2)/b/n on inpu
t line 412.

Package fontspec Info: latinmodern-math scale = 1.03773420197546.


Package fontspec Info: latinmodern-math scale = 1.037630428555262.


Package fontspec Info: latinmodern-math scale = 1.03773420197546.


Package fontspec Info: latinmodern-math scale = 1.037630428555262.


Package fontspec Info: latinmodern-math scale = 1.03773420197546.


Package fontspec Info: latinmodern-math scale = 1.037630428555262.


Package fontspec Info: latinmodern-math scale = 1.03773420197546.


Package fontspec Info: latinmodern-math scale = 1.037630428555262.


Package fontspec Info: latinmodern-math scale = 1.03773420197546.


Package fontspec Info: latinmodern-math scale = 1.037630428555262.


Package fontspec Info: Font family 'latinmodern-math.otf(3)' created for font
(fontspec)             'latinmodern-math.otf' with options
(fontspec)             [Scale=MatchLowercase,Renderer=Basic,BoldItalicFont={},I
talicFont={},SmallCapsFont={},Script=Math,SizeFeatures={{Size=9.3075-},{Size=6.
57-9.3075,Font=latinmodern-math.otf,Style=MathScript},{Size=-6.57,Font=latinmod
ern-math.otf,Style=MathScriptScript}},FontAdjustment={\__um_luatex_copy_fontdim
ens:
(fontspec)             },BoldFont={latinmodern-math.otf},ScaleAgain=0.9999,Font
Adjustment={\fontdimen
(fontspec)             8\font =0.45451pt\relax \fontdimen 9\font
(fontspec)             =2.27263pt\relax \fontdimen 10\font =1.89764pt\relax
(fontspec)             \fontdimen 11\font =1.2613pt\relax \fontdimen 12\font
(fontspec)             =6.8179pt\relax \fontdimen 13\font =0pt\relax }].
(fontspec)              
(fontspec)              This font family consists of the following NFSS
(fontspec)             series/shapes:
(fontspec)              
(fontspec)             - 'normal' (m/n) with NFSS spec.:
(fontspec)             <9.3075->s*[1.037630428555262]"[latinmodern-math.otf]:mo
de=base;script=math;language=dflt;"<6.57-9.3075>s*[1.037630428555262]"[latinmod
ern-math.otf]:mode=base;script=math;language=dflt;+ssty=0;"<-6.57>s*[1.03763042
8555262]"[latinmodern-math.otf]:mode=base;script=math;language=dflt;+ssty=1;"
(fontspec)             - 'small caps'  (m/sc) with NFSS spec.: 
(fontspec)             and font adjustment code:
(fontspec)             \__um_luatex_copy_fontdimens: \fontdimen 8\font
(fontspec)             =0.45451pt\relax \fontdimen 9\font =2.27263pt\relax
(fontspec)             \fontdimen 10\font =1.89764pt\relax \fontdimen 11\font
(fontspec)             =1.2613pt\relax \fontdimen 12\font =6.8179pt\relax
(fontspec)             \fontdimen 13\font =0pt\relax 
(fontspec)             - 'bold' (b/n) with NFSS spec.:
(fontspec)             <->s*[1.037630428555262]"[latinmodern-math.otf]:mode=bas
e;script=math;language=dflt;"
(fontspec)             - 'bold small caps'  (b/sc) with NFSS spec.: 
(fontspec)             and font adjustment code:
(fontspec)             \__um_luatex_copy_fontdimens: \fontdimen 8\font
(fontspec)             =0.45451pt\relax \fontdimen 9\font =2.27263pt\relax
(fontspec)             \fontdimen 10\font =1.89764pt\relax \fontdimen 11\font
(fontspec)             =1.2613pt\relax \fontdimen 12\font =6.8179pt\relax
(fontspec)             \fontdimen 13\font =0pt\relax 

LaTeX Font Info:    Encoding `OMX' has changed to `TU' for symbol font
(Font)              `largesymbols' in the math version `normal' on input line 4
12.
LaTeX Font Info:    Overwriting symbol font `largesymbols' in version `normal'
(Font)                  OMX/lmex/m/n --> TU/latinmodern-math.otf(3)/m/n on inpu
t line 412.
LaTeX Font Info:    Encoding `OMX' has changed to `TU' for symbol font
(Font)              `largesymbols' in the math version `bold' on input line 412
.
LaTeX Font Info:    Overwriting symbol font `largesymbols' in version `bold'
(Font)                  OMX/lmex/m/n --> TU/latinmodern-math.otf(3)/b/n on inpu
t line 412.
LaTeX Font Info:    Font shape `TU/latinmodern-math.otf(1)/m/n' will be
(Font)              scaled to size 7.95422pt on input line 412.
LaTeX Font Info:    Font shape `TU/latinmodern-math.otf(1)/m/n' will be
(Font)              scaled to size 5.6816pt on input line 412.
LaTeX Font Info:    Trying to load font information for OML+lmm on input line 4
12.
(/usr/local/texlive/2021/texmf-dist/tex/latex/lm/omllmm.fd
File: omllmm.fd 2015/05/01 v1.6.1 Font defs for Latin Modern
)
LaTeX Font Info:    Font shape `TU/latinmodern-math.otf(2)/m/n' will be
(Font)              scaled to size 11.36435pt on input line 412.
LaTeX Font Info:    Font shape `TU/latinmodern-math.otf(2)/m/n' will be
(Font)              scaled to size 7.95505pt on input line 412.
LaTeX Font Info:    Font shape `TU/latinmodern-math.otf(2)/m/n' will be
(Font)              scaled to size 5.68219pt on input line 412.
LaTeX Font Info:    Font shape `TU/latinmodern-math.otf(3)/m/n' will be
(Font)              scaled to size 11.36201pt on input line 412.
LaTeX Font Info:    Font shape `TU/latinmodern-math.otf(3)/m/n' will be
(Font)              scaled to size 7.9534pt on input line 412.
LaTeX Font Info:    Font shape `TU/latinmodern-math.otf(3)/m/n' will be
(Font)              scaled to size 5.68102pt on input line 412.
LaTeX Font Info:    Trying to load font information for U+msa on input line 412
.
(/usr/local/texlive/2021/texmf-dist/tex/latex/amsfonts/umsa.fd
File: umsa.fd 2013/01/14 v3.01 AMS symbols A
)
LaTeX Font Info:    Trying to load font information for U+msb on input line 412
.
(/usr/local/texlive/2021/texmf-dist/tex/latex/amsfonts/umsb.fd
File: umsb.fd 2013/01/14 v3.01 AMS symbols B
)
LaTeX Info: Redefining \microtypecontext on input line 412.
Package microtype Info: Generating PDF output.
Package microtype Info: Character protrusion enabled (level 2).
Package microtype Info: Using protrusion set `basicmath'.
Package microtype Info: Automatic font expansion enabled (level 2),
(microtype)             stretch: 20, shrink: 20, step: 1, non-selected.
Package microtype Info: Using default expansion set `alltext-nott'.
LaTeX Info: Redefining \showhyphens on input line 412.
Package microtype Info: No adjustment of tracking.
Package microtype Info: No adjustment of spacing.
Package microtype Info: No adjustment of kerning.
Package microtype Info: Loading generic protrusion settings for font family
(microtype)             `TimesNewRoman' (encoding: TU).
(microtype)             For optimal results, create family-specific settings.
(microtype)             See the microtype manual for details.
\c@lstlisting=\count362
Package caption Info: Begin \AtBeginDocument code.
Package caption Info: float package is loaded.
Package caption Info: hyperref package is loaded.
Package caption Info: End \AtBeginDocument code.
Package hyperref Info: Link coloring ON on input line 412.
(/usr/local/texlive/2021/texmf-dist/tex/latex/hyperref/nameref.sty
Package: nameref 2021-04-02 v2.47 Cross-referencing by name of section
(/usr/local/texlive/2021/texmf-dist/tex/latex/refcount/refcount.sty
Package: refcount 2019/12/15 v3.6 Data extraction from label references (HO)
)
(/usr/local/texlive/2021/texmf-dist/tex/generic/gettitlestring/gettitlestring.s
ty
Package: gettitlestring 2019/12/15 v1.6 Cleanup title references (HO)
)
\c@section@level=\count363
)
LaTeX Info: Redefining \ref on input line 412.
LaTeX Info: Redefining \pageref on input line 412.
LaTeX Info: Redefining \nameref on input line 412.
Package microtype Info: Loading generic protrusion settings for font family
(microtype)             `lmss' (encoding: TU).
(microtype)             For optimal results, create family-specific settings.
(microtype)             See the microtype manual for details.
LaTeX Font Info:    Font shape `TU/TimesNewRoman(0)/m/n' will be
(Font)              scaled to size 14.4pt on input line 414.
LaTeX Font Info:    Font shape `TU/latinmodern-math.otf(1)/m/n' will be
(Font)              scaled to size 14.94337pt on input line 414.
LaTeX Font Info:    Font shape `TU/latinmodern-math.otf(1)/m/n' will be
(Font)              scaled to size 10.37735pt on input line 414.
LaTeX Font Info:    Font shape `TU/latinmodern-math.otf(1)/m/n' will be
(Font)              scaled to size 7.26414pt on input line 414.
LaTeX Font Info:    Font shape `TU/latinmodern-math.otf(2)/m/n' will be
(Font)              scaled to size 14.9449pt on input line 414.
LaTeX Font Info:    Font shape `TU/latinmodern-math.otf(2)/m/n' will be
(Font)              scaled to size 10.37842pt on input line 414.
LaTeX Font Info:    Font shape `TU/latinmodern-math.otf(2)/m/n' will be
(Font)              scaled to size 7.2649pt on input line 414.
LaTeX Font Info:    Font shape `TU/latinmodern-math.otf(3)/m/n' will be
(Font)              scaled to size 14.94183pt on input line 414.
LaTeX Font Info:    Font shape `TU/latinmodern-math.otf(3)/m/n' will be
(Font)              scaled to size 10.37628pt on input line 414.
LaTeX Font Info:    Font shape `TU/latinmodern-math.otf(3)/m/n' will be
(Font)              scaled to size 7.2634pt on input line 414.
(/usr/local/texlive/2021/texmf-dist/tex/latex/microtype/mt-msa.cfg
File: mt-msa.cfg 2006/02/04 v1.1 microtype config. file: AMS symbols (a) (RS)
) (/usr/local/texlive/2021/texmf-dist/tex/latex/microtype/mt-msb.cfg
File: mt-msb.cfg 2005/06/01 v1.0 microtype config. file: AMS symbols (b) (RS)
) [1



{/usr/local/texlive/2021/texmf-var/fonts/map/pdftex/updmap/pdftex.map}]
Package tocbasic Info: character protrusion at toc deactivated on input line 41
8.
(./index.toc [2

]
LaTeX Font Info:    Font shape `TU/TimesNewRoman(0)/m/n' will be
(Font)              scaled to size 12.0pt on input line 113.
)
\tf@toc=\write7

\openout7 = index.toc
[3] [4]
LaTeX Font Info:    Font shape `TU/TimesNewRoman(0)/b/n' will be
(Font)              scaled to size 10.95pt on input line 450.
[5

]
chapter 1.

Class scrreprt Warning: \float@addtolists detected!
(scrreprt)              Implementation of \float@addtolist became
(scrreprt)              deprecated in KOMA-Script v3.01 2008/11/14 and
(scrreprt)              has been replaced by several more flexible
(scrreprt)              features of package `tocbasic`.
(scrreprt)              Since Version 3.12 support for deprecated
(scrreprt)              \float@addtolist interface has been
(scrreprt)              restricted to only some of the KOMA-Script
(scrreprt)              features and been removed from others.
(scrreprt)              Loading of package `scrhack' may help to
(scrreprt)              avoid this warning, if you are using a
(scrreprt)              a package that still implements the
(scrreprt)              deprecated \float@addtolist interface.


Underfull \hbox (badness 10000) in paragraph at lines 473--474

 []

[6

]
LaTeX Font Info:    Font shape `TU/latinmodern-math.otf(1)/m/n' will be
(Font)              scaled to size 12.45282pt on input line 571.
LaTeX Font Info:    Font shape `TU/latinmodern-math.otf(1)/m/n' will be
(Font)              scaled to size 8.30188pt on input line 571.
LaTeX Font Info:    Font shape `TU/latinmodern-math.otf(1)/m/n' will be
(Font)              scaled to size 6.22641pt on input line 571.
LaTeX Font Info:    Font shape `TU/latinmodern-math.otf(2)/m/n' will be
(Font)              scaled to size 12.4541pt on input line 571.
LaTeX Font Info:    Font shape `TU/latinmodern-math.otf(2)/m/n' will be
(Font)              scaled to size 8.30273pt on input line 571.
LaTeX Font Info:    Font shape `TU/latinmodern-math.otf(2)/m/n' will be
(Font)              scaled to size 6.22705pt on input line 571.
LaTeX Font Info:    Font shape `TU/latinmodern-math.otf(3)/m/n' will be
(Font)              scaled to size 12.45154pt on input line 571.
LaTeX Font Info:    Font shape `TU/latinmodern-math.otf(3)/m/n' will be
(Font)              scaled to size 8.30103pt on input line 571.
LaTeX Font Info:    Font shape `TU/latinmodern-math.otf(3)/m/n' will be
(Font)              scaled to size 6.22577pt on input line 571.
LaTeX Font Info:    Font shape `TU/TimesNewRoman(0)/b/n' will be
(Font)              scaled to size 12.0pt on input line 573.
LaTeX Font Info:    Font shape `TU/TimesNewRoman(0)/m/n' will be
(Font)              scaled to size 8.0pt on input line 573.
LaTeX Font Info:    Font shape `TU/TimesNewRoman(0)/m/it' will be
(Font)              scaled to size 8.0pt on input line 573.

Underfull \hbox (badness 10000) in paragraph at lines 585--586

 []

LaTeX Font Info:    Font shape `TU/lmtt/bx/n' in size <12> not available
(Font)              Font shape `TU/lmtt/b/n' tried instead on input line 593.
[7]
LaTeX Font Info:    Font shape `TU/TimesNewRoman(0)/m/n' will be
(Font)              scaled to size 20.0pt on input line 630.
LaTeX Font Info:    Font shape `TU/TimesNewRoman(0)/m/n' will be
(Font)              scaled to size 14.0pt on input line 630.

Overfull \hbox (349.96913pt too wide) in alignment at lines 632--643
[] [] [] [] [] [] [] [] [] [] [] [] [] [] []
 []

[8]
Overfull \hbox (184.42442pt too wide) in alignment at lines 679--690
[] [] [] [] [] [] [] [] [] [] []
 []


Overfull \hbox (93.516pt too wide) in alignment at lines 705--716
[] [] [] [] [] [] [] [] [] [] []
 []

[9]
<introR_files/figure-pdf/base-r-plots-1.pdf, id=253, 352.31625pt x 210.7875pt>
File: introR_files/figure-pdf/base-r-plots-1.pdf Graphic file (type pdf)
<use introR_files/figure-pdf/base-r-plots-1.pdf>
Package luatex.def Info: introR_files/figure-pdf/base-r-plots-1.pdf  used on in
put line 732.
(luatex.def)             Requested size: 352.31538pt x 210.78699pt.
<introR_files/figure-pdf/base-r-plots-2.pdf, id=254, 365.365pt x 212.795pt>
File: introR_files/figure-pdf/base-r-plots-2.pdf Graphic file (type pdf)
<use introR_files/figure-pdf/base-r-plots-2.pdf>
Package luatex.def Info: introR_files/figure-pdf/base-r-plots-2.pdf  used on in
put line 734.
(luatex.def)             Requested size: 365.3641pt x 212.79446pt.
[10<./introR_files/figure-pdf/base-r-plots-1.pdf><./introR_files/figure-pdf/base
-r-plots-2.pdf>]
<agpop_scatter_highres.png, id=273, 1806.75pt x 1204.5pt>
File: agpop_scatter_highres.png Graphic file (type png)
<use agpop_scatter_highres.png>
Package luatex.def Info: agpop_scatter_highres.png  used on input line 753.
(luatex.def)             Requested size: 433.60129pt x 289.06752pt.
<introR_files/figure-pdf/ggplot-histogram-1.pdf, id=274, 387.4475pt x 242.9075p
t>
File: introR_files/figure-pdf/ggplot-histogram-1.pdf Graphic file (type pdf)
<use introR_files/figure-pdf/ggplot-histogram-1.pdf>
Package luatex.def Info: introR_files/figure-pdf/ggplot-histogram-1.pdf  used o
n input line 769.
(luatex.def)             Requested size: 387.44655pt x 242.90689pt.
[11<./agpop_scatter_highres.png>] [12<./introR_files/figure-pdf/ggplot-histogram
-1.pdf>]
chapter 2.
LaTeX Font Info:    Font shape `TU/TimesNewRoman(1)/m/n' will be
(Font)              scaled to size 10.95pt on input line 824.
LaTeX Font Info:    Font shape `TU/TimesNewRoman(1)/m/n' will be
(Font)              scaled to size 7.665pt on input line 824.
LaTeX Font Info:    Font shape `TU/TimesNewRoman(1)/m/n' will be
(Font)              scaled to size 5.475pt on input line 824.
[13

]
LaTeX Font Info:    Font shape `TU/TimesNewRoman(0)/m/it' will be
(Font)              scaled to size 10.95pt on input line 875.
LaTeX Font Info:    Calculating math sizes for size <14> on input line 891.
LaTeX Font Info:    Font shape `TU/latinmodern-math.otf(1)/m/n' will be
(Font)              scaled to size 14.52829pt on input line 891.
LaTeX Font Info:    Font shape `TU/latinmodern-math.otf(1)/m/n' will be
(Font)              scaled to size 10.16975pt on input line 891.
LaTeX Font Info:    Font shape `TU/TimesNewRoman(1)/m/n' will be
(Font)              scaled to size 14.0pt on input line 891.
LaTeX Font Info:    Font shape `TU/TimesNewRoman(1)/m/n' will be
(Font)              scaled to size 9.79996pt on input line 891.
LaTeX Font Info:    Font shape `TU/TimesNewRoman(1)/m/n' will be
(Font)              scaled to size 7.0pt on input line 891.
LaTeX Font Info:    Font shape `TU/latinmodern-math.otf(2)/m/n' will be
(Font)              scaled to size 14.52979pt on input line 891.
LaTeX Font Info:    Font shape `TU/latinmodern-math.otf(2)/m/n' will be
(Font)              scaled to size 10.17079pt on input line 891.
LaTeX Font Info:    Font shape `TU/latinmodern-math.otf(3)/m/n' will be
(Font)              scaled to size 14.5268pt on input line 891.
LaTeX Font Info:    Font shape `TU/latinmodern-math.otf(3)/m/n' will be
(Font)              scaled to size 10.1687pt on input line 891.
LaTeX Font Info:    Font shape `TU/TimesNewRoman(1)/m/n' will be
(Font)              scaled to size 12.0pt on input line 893.
LaTeX Font Info:    Font shape `TU/TimesNewRoman(1)/m/n' will be
(Font)              scaled to size 8.0pt on input line 893.
LaTeX Font Info:    Font shape `TU/TimesNewRoman(1)/m/n' will be
(Font)              scaled to size 6.0pt on input line 893.

Overfull \hbox (5.47685pt too wide) in paragraph at lines 904--904
[]|\TU/TimesNewRoman(0)/b/n/12 Sum|  
 []

LaTeX Font Info:    Font shape `TU/TimesNewRoman(0)/b/n' will be
(Font)              scaled to size 8.0pt on input line 904.

Underfull \hbox (badness 10000) in paragraph at lines 909--912

 []

[14]
Overfull \hbox (42.66273pt too wide) in alignment at lines 934--940
[] [] [] []
 []

[15] [16]
<srs_files/figure-pdf/srs-simulation-1.pdf, id=322, 394.47375pt x 689.57625pt>
File: srs_files/figure-pdf/srs-simulation-1.pdf Graphic file (type pdf)
<use srs_files/figure-pdf/srs-simulation-1.pdf>
Package luatex.def Info: srs_files/figure-pdf/srs-simulation-1.pdf  used on inp
ut line 1088.
(luatex.def)             Requested size: 394.47278pt x 689.57455pt.
[17] [18<./srs_files/figure-pdf/srs-simulation-1.pdf>]
<srs_files/figure-pdf/srs-coverage-1.pdf, id=340, 365.365pt x 365.365pt>
File: srs_files/figure-pdf/srs-coverage-1.pdf Graphic file (type pdf)
<use srs_files/figure-pdf/srs-coverage-1.pdf>
Package luatex.def Info: srs_files/figure-pdf/srs-coverage-1.pdf  used on input
 line 1125.
(luatex.def)             Requested size: 365.3641pt x 365.3641pt.
[19] [20<./srs_files/figure-pdf/srs-coverage-1.pdf>]
chapter 3.
[21

]
Overfull \hbox (427.96913pt too wide) in alignment at lines 1206--1217
[] [] [] [] [] [] [] [] [] [] [] [] [] [] [] [] []
 []

[22]
Overfull \hbox (73.71608pt too wide) in alignment at lines 1264--1274
[] [] [] [] [] [] [] []
 []


Underfull \hbox (badness 10000) in paragraph at lines 1277--1281

 []


Overfull \hbox (42.66273pt too wide) in alignment at lines 1309--1315
[] [] [] []
 []

[23]
Overfull \hbox (73.71608pt too wide) in alignment at lines 1341--1351
[] [] [] [] [] [] [] []
 []


Underfull \hbox (badness 10000) in paragraph at lines 1354--1358

 []


Overfull \hbox (73.71608pt too wide) in alignment at lines 1380--1390
[] [] [] [] [] [] [] []
 []


Underfull \hbox (badness 10000) in paragraph at lines 1393--1397

 []

[24] [25]
Overfull \hbox (73.71608pt too wide) in alignment at lines 1468--1477
[] [] [] [] [] [] [] []
 []


Underfull \hbox (badness 10000) in paragraph at lines 1480--1484

 []

[26]
<strata_files/figure-pdf/agpop-region-anova-1.pdf, id=404, 364.36125pt x 176.66
pt>
File: strata_files/figure-pdf/agpop-region-anova-1.pdf Graphic file (type pdf)
<use strata_files/figure-pdf/agpop-region-anova-1.pdf>
Package luatex.def Info: strata_files/figure-pdf/agpop-region-anova-1.pdf  used
 on input line 1549.
(luatex.def)             Requested size: 364.36035pt x 176.65956pt.
[27<./strata_files/figure-pdf/agpop-region-anova-1.pdf>]
<strata_files/figure-pdf/agpop-region-compare-plot-1.pdf, id=417, 335.2525pt x 
150.5625pt>
File: strata_files/figure-pdf/agpop-region-compare-plot-1.pdf Graphic file (typ
e pdf)
<use strata_files/figure-pdf/agpop-region-compare-plot-1.pdf>
Package luatex.def Info: strata_files/figure-pdf/agpop-region-compare-plot-1.pd
f  used on input line 1627.
(luatex.def)             Requested size: 335.25168pt x 150.56212pt.
[28<./strata_files/figure-pdf/agpop-region-compare-plot-1.pdf>]
<strata_files/figure-pdf/agpop-acres82-anova-1.pdf, id=436, 364.36125pt x 176.6
6pt>
File: strata_files/figure-pdf/agpop-acres82-anova-1.pdf Graphic file (type pdf)

<use strata_files/figure-pdf/agpop-acres82-anova-1.pdf>
Package luatex.def Info: strata_files/figure-pdf/agpop-acres82-anova-1.pdf  use
d on input line 1665.
(luatex.def)             Requested size: 364.36035pt x 176.65956pt.
<strata_files/figure-pdf/agpop-acres82-compare-plot-1.pdf, id=437, 335.2525pt x
 150.5625pt>
File: strata_files/figure-pdf/agpop-acres82-compare-plot-1.pdf Graphic file (ty
pe pdf)
<use strata_files/figure-pdf/agpop-acres82-compare-plot-1.pdf>
Package luatex.def Info: strata_files/figure-pdf/agpop-acres82-compare-plot-1.p
df  used on input line 1697.
(luatex.def)             Requested size: 335.25168pt x 150.56212pt.
[29<./strata_files/figure-pdf/agpop-acres82-anova-1.pdf>] [30<./strata_files/fig
ure-pdf/agpop-acres82-compare-plot-1.pdf>]
chapter 4.
LaTeX Font Info:    Font shape `TU/TimesNewRoman(0)/m/n' will be
(Font)              scaled to size 7.665pt on input line 1746.
LaTeX Font Info:    Font shape `TU/TimesNewRoman(0)/m/n' will be
(Font)              scaled to size 5.475pt on input line 1746.
[31

]
<ratio_files/figure-pdf/cherry-load-plot-1.pdf, id=477, 365.365pt x 212.795pt>
File: ratio_files/figure-pdf/cherry-load-plot-1.pdf Graphic file (type pdf)
<use ratio_files/figure-pdf/cherry-load-plot-1.pdf>
Package luatex.def Info: ratio_files/figure-pdf/cherry-load-plot-1.pdf  used on
 input line 1858.
(luatex.def)             Requested size: 365.3641pt x 212.79446pt.
[32] [33<./ratio_files/figure-pdf/cherry-load-plot-1.pdf>]
Overfull \hbox (5.47685pt too wide) in paragraph at lines 1932--1932
[]|\TU/TimesNewRoman(0)/b/n/12 Sum|  
 []


Underfull \hbox (badness 10000) in paragraph at lines 1937--1940

 []

<ratio_files/figure-pdf/cherry-ratio-est-1.pdf, id=497, 365.365pt x 212.795pt>
File: ratio_files/figure-pdf/cherry-ratio-est-1.pdf Graphic file (type pdf)
<use ratio_files/figure-pdf/cherry-ratio-est-1.pdf>
Package luatex.def Info: ratio_files/figure-pdf/cherry-ratio-est-1.pdf  used on
 input line 1943.
(luatex.def)             Requested size: 365.3641pt x 212.79446pt.
[34<./ratio_files/figure-pdf/cherry-ratio-est-1.pdf>]
Overfull \hbox (5.47685pt too wide) in paragraph at lines 1987--1987
[]|\TU/TimesNewRoman(0)/b/n/12 Sum|  
 []


Underfull \hbox (badness 10000) in paragraph at lines 1992--1995

 []


Overfull \hbox (5.47685pt too wide) in paragraph at lines 2032--2032
[]|\TU/TimesNewRoman(0)/b/n/12 Sum|  
 []


Underfull \hbox (badness 10000) in paragraph at lines 2037--2040

 []

[35]
<ratio_files/figure-pdf/agpop-load-1.pdf, id=519, 364.36125pt x 212.795pt>
File: ratio_files/figure-pdf/agpop-load-1.pdf Graphic file (type pdf)
<use ratio_files/figure-pdf/agpop-load-1.pdf>
Package luatex.def Info: ratio_files/figure-pdf/agpop-load-1.pdf  used on input
 line 2077.
(luatex.def)             Requested size: 364.36035pt x 212.79446pt.
[36]
<ratio_files/figure-pdf/agpop-simulation-1.pdf, id=527, 335.2525pt x 184.69pt>
File: ratio_files/figure-pdf/agpop-simulation-1.pdf Graphic file (type pdf)
<use ratio_files/figure-pdf/agpop-simulation-1.pdf>
Package luatex.def Info: ratio_files/figure-pdf/agpop-simulation-1.pdf  used on
 input line 2118.
(luatex.def)             Requested size: 335.25168pt x 184.68953pt.
[37<./ratio_files/figure-pdf/agpop-load-1.pdf>] [38<./ratio_files/figure-pdf/agp
op-simulation-1.pdf>]
LaTeX Font Info:    Font shape `TU/TimesNewRoman(0)/b/n' will be
(Font)              scaled to size 7.665pt on input line 2189.
LaTeX Font Info:    Font shape `TU/TimesNewRoman(0)/b/n' will be
(Font)              scaled to size 5.475pt on input line 2189.
LaTeX Font Info:    Font shape `TU/TimesNewRoman(0)/m/n' will be
(Font)              scaled to size 6.0pt on input line 2196.

Overfull \hbox (73.71608pt too wide) in alignment at lines 2216--2226
[] [] [] [] [] [] [] []
 []


Underfull \hbox (badness 10000) in paragraph at lines 2229--2233

 []

[39]
Overfull \hbox (73.71608pt too wide) in alignment at lines 2352--2360
[] [] [] [] [] [] [] []
 []


Underfull \hbox (badness 10000) in paragraph at lines 2363--2367

 []

[40] [41]
<ratio_files/figure-pdf/cherry-reg-fit-1.pdf, id=579, 364.36125pt x 210.7875pt>

File: ratio_files/figure-pdf/cherry-reg-fit-1.pdf Graphic file (type pdf)
<use ratio_files/figure-pdf/cherry-reg-fit-1.pdf>
Package luatex.def Info: ratio_files/figure-pdf/cherry-reg-fit-1.pdf  used on i
nput line 2460.
(luatex.def)             Requested size: 364.36035pt x 210.78699pt.
[42]
Overfull \hbox (5.47685pt too wide) in paragraph at lines 2484--2484
[]|\TU/TimesNewRoman(0)/b/n/12 Sum|  
 []


Underfull \hbox (badness 10000) in paragraph at lines 2489--2492

 []


Overfull \hbox (5.47685pt too wide) in paragraph at lines 2517--2517
[]|\TU/TimesNewRoman(0)/b/n/12 Sum|  
 []


Underfull \hbox (badness 10000) in paragraph at lines 2522--2525

 []

[43<./ratio_files/figure-pdf/cherry-reg-fit-1.pdf>] [44]
<ratio_files/figure-pdf/deadtrees-data-1.pdf, id=609, 364.36125pt x 212.795pt>
File: ratio_files/figure-pdf/deadtrees-data-1.pdf Graphic file (type pdf)
<use ratio_files/figure-pdf/deadtrees-data-1.pdf>
Package luatex.def Info: ratio_files/figure-pdf/deadtrees-data-1.pdf  used on i
nput line 2603.
(luatex.def)             Requested size: 364.36035pt x 212.79446pt.

Overfull \hbox (5.47685pt too wide) in paragraph at lines 2625--2625
[]|\TU/TimesNewRoman(0)/b/n/12 Sum|  
 []


Underfull \hbox (badness 10000) in paragraph at lines 2630--2633

 []


Overfull \hbox (5.47685pt too wide) in paragraph at lines 2686--2686
[]|\TU/TimesNewRoman(0)/b/n/12 Sum|  
 []


Underfull \hbox (badness 10000) in paragraph at lines 2691--2694

 []

[45<./ratio_files/figure-pdf/deadtrees-data-1.pdf>] [46] [47] [48]
chapter 5.
[49

]

LaTeX Warning: Float too large for page by 3611.66327pt on input line 3109.


Overfull \hbox (5.47685pt too wide) in paragraph at lines 3136--3136
[]|\TU/TimesNewRoman(0)/b/n/12 Sum|  
 []


Underfull \hbox (badness 10000) in paragraph at lines 3141--3145

 []


LaTeX Warning: Float too large for page by 4577.0851pt on input line 3561.


Overfull \hbox (5.47685pt too wide) in paragraph at lines 3584--3584
[]|\TU/TimesNewRoman(0)/b/n/12 Sum|  
 []


Underfull \hbox (badness 10000) in paragraph at lines 3589--3593

 []

[50] [51] [52] [53] [54]
chapter 6.
<ups_files/figure-pdf/studyhrs-data-1.pdf, id=680, 364.36125pt x 212.795pt>
File: ups_files/figure-pdf/studyhrs-data-1.pdf Graphic file (type pdf)
<use ups_files/figure-pdf/studyhrs-data-1.pdf>
Package luatex.def Info: ups_files/figure-pdf/studyhrs-data-1.pdf  used on inpu
t line 3692.
(luatex.def)             Requested size: 364.36035pt x 212.79446pt.
[55

]
Overfull \hbox (5.47685pt too wide) in paragraph at lines 3711--3711
[]|\TU/TimesNewRoman(0)/b/n/12 Sum|  
 []


Underfull \hbox (badness 10000) in paragraph at lines 3716--3719

 []


Overfull \hbox (5.47685pt too wide) in paragraph at lines 3759--3759
[]|\TU/TimesNewRoman(0)/b/n/12 Sum|  
 []


Underfull \hbox (badness 10000) in paragraph at lines 3764--3767

 []

LaTeX Font Info:    Font shape `TU/lmtt/bx/n' in size <14.4> not available
(Font)              Font shape `TU/lmtt/b/n' tried instead on input line 3783.
[56<./ups_files/figure-pdf/studyhrs-data-1.pdf>] [57]

LaTeX Warning: Float too large for page by 825.66327pt on input line 3903.

<ups_files/figure-pdf/statepop-load-1.pdf, id=706, 364.36125pt x 212.795pt>
File: ups_files/figure-pdf/statepop-load-1.pdf Graphic file (type pdf)
<use ups_files/figure-pdf/statepop-load-1.pdf>
Package luatex.def Info: ups_files/figure-pdf/statepop-load-1.pdf  used on inpu
t line 3905.
(luatex.def)             Requested size: 364.36035pt x 212.79446pt.

Overfull \hbox (5.47685pt too wide) in paragraph at lines 3937--3937
[]|\TU/TimesNewRoman(0)/b/n/12 Sum|  
 []


Underfull \hbox (badness 10000) in paragraph at lines 3942--3945

 []


Overfull \hbox (5.47685pt too wide) in paragraph at lines 3997--3997
[]|\TU/TimesNewRoman(0)/b/n/12 Sum|  
 []


Underfull \hbox (badness 10000) in paragraph at lines 4002--4005

 []


Overfull \hbox (5.47685pt too wide) in paragraph at lines 4036--4036
[]|\TU/TimesNewRoman(0)/b/n/12 Sum|  
 []


Underfull \hbox (badness 10000) in paragraph at lines 4041--4044

 []


Overfull \hbox (5.47685pt too wide) in paragraph at lines 4086--4086
[]|\TU/TimesNewRoman(0)/b/n/12 Sum|  
 []


Underfull \hbox (badness 10000) in paragraph at lines 4091--4094

 []

[58<./ups_files/figure-pdf/statepop-load-1.pdf>] [59] [60] [61]
<ups_files/figure-pdf/upswr-sim-plot-1.pdf, id=740, 515.9275pt x 509.905pt>
File: ups_files/figure-pdf/upswr-sim-plot-1.pdf Graphic file (type pdf)
<use ups_files/figure-pdf/upswr-sim-plot-1.pdf>
Package luatex.def Info: ups_files/figure-pdf/upswr-sim-plot-1.pdf  used on inp
ut line 4120.
(luatex.def)             Requested size: 515.92624pt x 509.90375pt.

Overfull \hbox (10.96231pt too wide) in paragraph at lines 4120--4121
[] 
 []

[62]
Overfull \hbox (5.47685pt too wide) in paragraph at lines 4149--4149
[]|\TU/TimesNewRoman(0)/b/n/12 Sum|  
 []


Underfull \hbox (badness 10000) in paragraph at lines 4154--4157

 []

[63<./ups_files/figure-pdf/upswr-sim-plot-1.pdf>] [64]
chapter A.
LaTeX Font Info:    Font shape `TU/lmtt/bx/n' in size <10.95> not available
(Font)              Font shape `TU/lmtt/b/n' tried instead on input line 4211.
[65



]
Underfull \vbox (badness 10000) detected at line 5007
 []


Underfull \vbox (badness 10000) detected at line 5007
 []

[66]
Underfull \vbox (badness 10000) detected at line 5007
 []


Underfull \vbox (badness 10000) detected at line 5007
 []

[67]
Underfull \vbox (badness 10000) detected at line 5007
 []


Underfull \vbox (badness 10000) detected at line 5007
 []

[68]
Underfull \vbox (badness 10000) detected at line 5007
 []


Underfull \vbox (badness 10000) detected at line 5007
 []

[69]
Underfull \vbox (badness 10000) detected at line 5007
 []


Underfull \vbox (badness 10000) detected at line 5007
 []

[70]
Underfull \vbox (badness 10000) detected at line 5007
 []


Underfull \vbox (badness 10000) detected at line 5007
 []

[71]
Underfull \vbox (badness 10000) detected at line 5007
 []


Underfull \vbox (badness 10000) detected at line 5007
 []

[72]
Underfull \vbox (badness 10000) detected at line 5007
 []


Underfull \vbox (badness 10000) detected at line 5007
 []

[73]
Underfull \vbox (badness 10000) detected at line 5007
 []


Underfull \vbox (badness 10000) detected at line 5007
 []

[74]
Underfull \vbox (badness 10000) detected at line 5007
 []


Underfull \vbox (badness 10000) detected at line 5007
 []

[75]
Underfull \vbox (badness 10000) detected at line 5007
 []


Underfull \vbox (badness 10000) detected at line 5007
 []

[76]
Underfull \vbox (badness 10000) detected at line 5007
 []


Underfull \vbox (badness 10000) detected at line 5007
 []

[77]
Underfull \vbox (badness 10000) detected at line 5007
 []


Underfull \vbox (badness 10000) detected at line 5007
 []

[78]
Underfull \vbox (badness 10000) detected at line 5007
 []


Underfull \vbox (badness 10000) detected at line 5007
 []

[79]
Underfull \vbox (badness 10000) detected at line 5007
 []


Underfull \vbox (badness 10000) detected at line 5007
 []

[80]
Underfull \vbox (badness 10000) detected at line 5007
 []


Underfull \vbox (badness 10000) detected at line 5007
 []

[81]
Underfull \vbox (badness 10000) detected at line 5007
 []


Underfull \vbox (badness 10000) detected at line 5007
 []

[82] [83] (./index.aux))

Here is how much of LuaTeX's memory you used:
 44874 strings out of 478531
 596191,1977958 words of node,token memory allocated
 1674 words of node memory still in use:
   45 hlist, 2 vlist, 16 rule, 6 glue, 6 kern, 1 glyph, 103 attribute, 72 glue_s
pec, 103 attribute_list, 2 write, 24 pdf_literal, 28 pdf_colorstack nodes
   avail lists: 1:3,2:23997,3:1330,4:8154,5:4507,6:294,7:39814,8:87,9:11457,10:1
0,11:535
 62903 multiletter control sequences out of 65536+600000
 152 fonts using 57866559 bytes
 111i,15n,125p,10618b,1094s stack positions out of 5000i,500n,10000p,200000b,80000s
</usr/local/texlive/2021/texmf-dist/fonts/opentype/public/fontawesome5/FontAweso
me5Free-Solid-900.otf></usr/local/texlive/2021/texmf-dist/fonts/opentype/public/
lm-math/latinmodern-math.otf></usr/local/texlive/2021/texmf-dist/fonts/opentype/
public/lm/lmmono10-italic.otf></System/Library/Fonts/Supplemental/Times New Roma
n.ttf></usr/local/texlive/2021/texmf-dist/fonts/opentype/public/lm-math/latinmod
ern-math.otf></usr/local/texlive/2021/texmf-dist/fonts/opentype/public/lm-math/l
atinmodern-math.otf></usr/local/texlive/2021/texmf-dist/fonts/opentype/public/lm
/lmmonolt10-bold.otf></System/Library/Fonts/Supplemental/Times New Roman Italic.
ttf></System/Library/Fonts/Supplemental/Times New Roman Bold.ttf></usr/local/tex
live/2021/texmf-dist/fonts/opentype/public/lm/lmmono10-regular.otf></System/Libr
ary/Fonts/Supplemental/Times New Roman.ttf></usr/local/texlive/2021/texmf-dist/f
onts/opentype/public/lm/lmsans10-bold.otf>
Output written on index.pdf (83 pages, 1198027 bytes).

PDF statistics: 1168 PDF objects out of 1200 (max. 8388607)
 957 compressed objects within 10 object streams
 301 named destinations out of 1000 (max. 131072)
 880 words of extra memory for PDF output out of 10000 (max. 100000000)

